idTemp,fechaInicioAgenda,hora,anamnesis,fechaInicioAgenda,eog,tratamiento,temperatura,peso,referencia,nota_caja,atendidoPor,pendiente,aFuturo,fechaInicioAgenda,fechaInicioAgenda,pacienteId,clienteId,referenciumId
4501,2024-06-27T03:00:00.000Z,01:00:00,"Sin anamnesis",2024-06-27T03:00:00.000Z,"Sin eog","SEXTUPLE Y RABIA",0,0,"Sin referencia","Sin referencia",Administrador,TRUE,TRUE,2024-06-27T03:00:00.000Z,2024-06-27T03:00:00.000Z,1078,55,2
4502,2024-11-13T03:00:00.000Z,01:00:00,"Sin anamnesis",2024-11-13T03:00:00.000Z,"Sin eog","SEXTUPLE Y RABIA",0,0,"Sin referencia","Sin referencia",Administrador,TRUE,TRUE,2024-11-13T03:00:00.000Z,2024-11-13T03:00:00.000Z,1251,231,2
4503,2024-09-25T03:00:00.000Z,01:00:00,"Sin anamnesis",2024-09-25T03:00:00.000Z,"Sin eog","SEXTUPLE Y RABIA",0,0,"Sin referencia","Sin referencia",Administrador,TRUE,TRUE,2024-09-25T03:00:00.000Z,2024-09-25T03:00:00.000Z,1303,283,2
4504,2025-02-02T03:00:00.000Z,01:00:00,"Sin anamnesis",2025-02-02T03:00:00.000Z,"Sin eog","Rabia y triple",0,0,"Sin referencia","Sin referencia",Administrador,TRUE,TRUE,2025-02-02T03:00:00.000Z,2025-02-02T03:00:00.000Z,1078,55,2
4505,2025-03-20T03:00:00.000Z,01:00:00,"Sin anamnesis",2025-03-20T03:00:00.000Z,"Sin eog","SEXTUPLE Y RABIA",0,0,"Sin referencia","Sin referencia",Administrador,TRUE,TRUE,2025-03-20T03:00:00.000Z,2025-03-20T03:00:00.000Z,1078,55,2
4506,2025-04-25T03:00:00.000Z,01:00:00,"Sin anamnesis",2025-04-25T03:00:00.000Z,"Sin eog",KC,0,0,"Sin referencia","Sin referencia",Administrador,TRUE,TRUE,2025-04-25T03:00:00.000Z,2025-04-25T03:00:00.000Z,1215,195,2
4507,2025-05-07T03:00:00.000Z,01:00:00,"Sin anamnesis",2025-05-07T03:00:00.000Z,"Sin eog","SEXTUPLE Y RABIA",0,0,"Sin referencia","Sin referencia",Administrador,TRUE,TRUE,2025-05-07T03:00:00.000Z,2025-05-07T03:00:00.000Z,1281,261,2
4508,2025-05-07T03:00:00.000Z,01:00:00,"Sin anamnesis",2025-05-07T03:00:00.000Z,"Sin eog",KC,0,0,"Sin referencia","Sin referencia",Administrador,TRUE,TRUE,2025-05-07T03:00:00.000Z,2025-05-07T03:00:00.000Z,1281,261,2
4509,2024-12-14T03:00:00.000Z,01:00:00,"Sin anamnesis",2024-12-14T03:00:00.000Z,"Sin eog","SEXTUPLE Y RABIA",0,0,"Sin referencia","Sin referencia",Administrador,TRUE,TRUE,2024-12-14T03:00:00.000Z,2024-12-14T03:00:00.000Z,1069,46,2
4510,2024-12-14T03:00:00.000Z,01:00:00,"Sin anamnesis",2024-12-14T03:00:00.000Z,"Sin eog","SEXTUPLE Y RABIA",0,0,"Sin referencia","Sin referencia",Administrador,TRUE,TRUE,2024-12-14T03:00:00.000Z,2024-12-14T03:00:00.000Z,5375,46,2
4511,2024-08-03T03:00:00.000Z,01:00:00,"Sin anamnesis",2024-08-03T03:00:00.000Z,"Sin eog","SEXTUPLE Y RABIA",0,0,"Sin referencia","Sin referencia",Administrador,TRUE,TRUE,2024-08-03T03:00:00.000Z,2024-08-03T03:00:00.000Z,1086,63,2
4512,2024-07-10T03:00:00.000Z,01:00:00,"Sin anamnesis",2024-07-10T03:00:00.000Z,"Sin eog","SEXTUPLE Y RABIA",0,0,"Sin referencia","Sin referencia",Administrador,TRUE,TRUE,2024-07-10T03:00:00.000Z,2024-07-10T03:00:00.000Z,1130,107,2
4513,2025-02-26T03:00:00.000Z,01:00:00,"Sin anamnesis",2025-02-26T03:00:00.000Z,"Sin eog","SEXTUPLE Y RABIA",0,0,"Sin referencia","Sin referencia",Administrador,TRUE,TRUE,2025-02-26T03:00:00.000Z,2025-02-26T03:00:00.000Z,1136,113,2
4514,2025-03-19T03:00:00.000Z,01:00:00,"Sin anamnesis",2025-03-19T03:00:00.000Z,"Sin eog","SEXTUPLE Y RABIA",0,0,"Sin referencia","Sin referencia",Administrador,TRUE,TRUE,2025-03-19T03:00:00.000Z,2025-03-19T03:00:00.000Z,1157,134,2
4515,2024-08-02T03:00:00.000Z,01:00:00,"Sin anamnesis",2024-08-02T03:00:00.000Z,"Sin eog","Rabia y triple",0,0,"Sin referencia","Sin referencia",Administrador,TRUE,TRUE,2024-08-02T03:00:00.000Z,2024-08-02T03:00:00.000Z,1172,150,2
4516,2024-12-22T03:00:00.000Z,01:00:00,"Sin anamnesis",2024-12-22T03:00:00.000Z,"Sin eog","SEXTUPLE Y RABIA",0,0,"Sin referencia","Sin referencia",Administrador,TRUE,TRUE,2024-12-22T03:00:00.000Z,2024-12-22T03:00:00.000Z,1204,183,2
4517,2025-05-09T03:00:00.000Z,01:00:00,"Sin anamnesis",2025-05-09T03:00:00.000Z,"Sin eog","SEXTUPLE Y RABIA",0,0,"Sin referencia","Sin referencia",Administrador,TRUE,TRUE,2025-05-09T03:00:00.000Z,2025-05-09T03:00:00.000Z,1097,74,2
4518,2024-10-24T03:00:00.000Z,01:00:00,"Sin anamnesis",2024-10-24T03:00:00.000Z,"Sin eog","SEXTUPLE Y RABIA",0,0,"Sin referencia","Sin referencia",Administrador,TRUE,TRUE,2024-10-24T03:00:00.000Z,2024-10-24T03:00:00.000Z,1103,80,2
4519,2025-05-14T03:00:00.000Z,01:00:00,"Sin anamnesis",2025-05-14T03:00:00.000Z,"Sin eog","SEXTUPLE Y RABIA",0,0,"Sin referencia","Sin referencia",Administrador,TRUE,TRUE,2025-05-14T03:00:00.000Z,2025-05-14T03:00:00.000Z,1078,55,2
4520,2024-10-11T03:00:00.000Z,01:00:00,"Sin anamnesis",2024-10-11T03:00:00.000Z,"Sin eog","SEXTUPLE Y RABIA",0,0,"Sin referencia","Sin referencia",Administrador,TRUE,TRUE,2024-10-11T03:00:00.000Z,2024-10-11T03:00:00.000Z,43,145,2
4521,2024-10-10T03:00:00.000Z,01:00:00,"Sin anamnesis",2024-10-10T03:00:00.000Z,"Sin eog","SEXTUPLE Y RABIA",0,0,"Sin referencia","Sin referencia",Administrador,TRUE,TRUE,2024-10-10T03:00:00.000Z,2024-10-10T03:00:00.000Z,79,243,2
4522,2025-12-15T03:00:00.000Z,01:00:00,"Sin anamnesis",2025-12-15T03:00:00.000Z,"Sin eog","SEXTUPLE Y RABIA",0,0,"Sin referencia","Sin referencia",Administrador,TRUE,TRUE,2025-12-15T03:00:00.000Z,2025-12-15T03:00:00.000Z,5150,243,2
4523,2025-04-16T03:00:00.000Z,01:00:00,"Sin anamnesis",2025-04-16T03:00:00.000Z,"Sin eog","SEXTUPLE Y RABIA",0,0,"Sin referencia","Sin referencia",Administrador,TRUE,TRUE,2025-04-16T03:00:00.000Z,2025-04-16T03:00:00.000Z,1322,302,2
4524,2025-04-09T03:00:00.000Z,01:00:00,"Sin anamnesis",2025-04-09T03:00:00.000Z,"Sin eog","SEXTUPLE Y RABIA",0,0,"Sin referencia","Sin referencia",Administrador,TRUE,TRUE,2025-04-09T03:00:00.000Z,2025-04-09T03:00:00.000Z,1326,306,2
4525,2025-06-10T03:00:00.000Z,01:00:00,"Sin anamnesis",2025-06-10T03:00:00.000Z,"Sin eog","SEXTUPLE Y RABIA",0,0,"Sin referencia","Sin referencia",Administrador,TRUE,TRUE,2025-06-10T03:00:00.000Z,2025-06-10T03:00:00.000Z,1363,343,2
4526,2024-08-05T03:00:00.000Z,01:00:00,"Sin anamnesis",2024-08-05T03:00:00.000Z,"Sin eog","SEXTUPLE Y RABIA",0,0,"Sin referencia","Sin referencia",Administrador,TRUE,TRUE,2024-08-05T03:00:00.000Z,2024-08-05T03:00:00.000Z,1299,279,2
4527,2024-08-01T03:00:00.000Z,01:00:00,"Sin anamnesis",2024-08-01T03:00:00.000Z,"Sin eog","Sin tratamiento",0,0,"Sin referencia","Sin referencia",Administrador,TRUE,TRUE,2024-08-01T03:00:00.000Z,2024-08-01T03:00:00.000Z,1327,307,2
4528,2024-11-08T03:00:00.000Z,01:00:00,"Sin anamnesis",2024-11-08T03:00:00.000Z,"Sin eog","SEXTUPLE Y RABIA",0,0,"Sin referencia","Sin referencia",Administrador,TRUE,TRUE,2024-11-08T03:00:00.000Z,2024-11-08T03:00:00.000Z,100,319,2
4529,2024-06-21T03:00:00.000Z,01:00:00,"Sin anamnesis",2024-06-21T03:00:00.000Z,"Sin eog",CuÃ¡druple,0,0,"Sin referencia","Sin referencia",Administrador,TRUE,TRUE,2024-06-21T03:00:00.000Z,2024-06-21T03:00:00.000Z,1078,55,2
4530,2024-08-06T03:00:00.000Z,01:00:00,"Sin anamnesis",2024-08-06T03:00:00.000Z,"Sin eog","Sin tratamiento",0,0,"Sin referencia","Sin referencia",Administrador,TRUE,TRUE,2024-08-06T03:00:00.000Z,2024-08-06T03:00:00.000Z,1395,376,2
4531,2024-10-07T03:00:00.000Z,01:00:00,"Sin anamnesis",2024-10-07T03:00:00.000Z,"Sin eog","SEXTUPLE Y RABIA",0,0,"Sin referencia","Sin referencia",Administrador,TRUE,TRUE,2024-10-07T03:00:00.000Z,2024-10-07T03:00:00.000Z,1434,415,2
4532,2024-10-30T03:00:00.000Z,01:00:00,"Sin anamnesis",2024-10-30T03:00:00.000Z,"Sin eog","SEXTUPLE Y RABIA",0,0,"Sin referencia","Sin referencia",Administrador,TRUE,TRUE,2024-10-30T03:00:00.000Z,2024-10-30T03:00:00.000Z,5514,488,2
4533,2024-10-29T03:00:00.000Z,01:00:00,"Sin anamnesis",2024-10-29T03:00:00.000Z,"Sin eog","SEXTUPLE Y RABIA",0,0,"Sin referencia","Sin referencia",Administrador,TRUE,TRUE,2024-10-29T03:00:00.000Z,2024-10-29T03:00:00.000Z,5571,488,2
4534,2025-04-08T03:00:00.000Z,01:00:00,"Sin anamnesis",2025-04-08T03:00:00.000Z,"Sin eog",Rabia,0,0,"Sin referencia","Sin referencia",Administrador,TRUE,TRUE,2025-04-08T03:00:00.000Z,2025-04-08T03:00:00.000Z,1537,519,2
4535,2025-02-24T03:00:00.000Z,01:00:00,"Sin anamnesis",2025-02-24T03:00:00.000Z,"Sin eog","SEXTUPLE Y RABIA",0,0,"Sin referencia","Sin referencia",Administrador,TRUE,TRUE,2025-02-24T03:00:00.000Z,2025-02-24T03:00:00.000Z,1445,426,2
4536,2025-03-18T03:00:00.000Z,01:00:00,"Sin anamnesis",2025-03-18T03:00:00.000Z,"Sin eog","SEXTUPLE Y RABIA",0,0,"Sin referencia","Sin referencia",Administrador,TRUE,TRUE,2025-03-18T03:00:00.000Z,2025-03-18T03:00:00.000Z,1479,460,2
4537,2024-10-13T03:00:00.000Z,01:00:00,"Sin anamnesis",2024-10-13T03:00:00.000Z,"Sin eog","SEXTUPLE Y RABIA",0,0,"Sin referencia","Sin referencia",Administrador,TRUE,TRUE,2024-10-13T03:00:00.000Z,2024-10-13T03:00:00.000Z,153,482,2
4538,2024-12-07T03:00:00.000Z,01:00:00,"Sin anamnesis",2024-12-07T03:00:00.000Z,"Sin eog","SEXTUPLE Y RABIA",0,0,"Sin referencia","Sin referencia",Administrador,TRUE,TRUE,2024-12-07T03:00:00.000Z,2024-12-07T03:00:00.000Z,1514,495,2
4539,2025-02-10T03:00:00.000Z,01:00:00,"Sin anamnesis",2025-02-10T03:00:00.000Z,"Sin eog","SEXTUPLE Y RABIA",0,0,"Sin referencia","Sin referencia",Administrador,TRUE,TRUE,2025-02-10T03:00:00.000Z,2025-02-10T03:00:00.000Z,1611,594,2
4540,2025-02-26T03:00:00.000Z,01:00:00,"Sin anamnesis",2025-02-26T03:00:00.000Z,"Sin eog","Rabia y triple",0,0,"Sin referencia","Sin referencia",Administrador,TRUE,TRUE,2025-02-26T03:00:00.000Z,2025-02-26T03:00:00.000Z,1078,55,2
4541,2024-06-29T03:00:00.000Z,01:00:00,"Sin anamnesis",2024-06-29T03:00:00.000Z,"Sin eog","SEXTUPLE Y RABIA",0,0,"Sin referencia","Sin referencia",Administrador,TRUE,TRUE,2024-06-29T03:00:00.000Z,2024-06-29T03:00:00.000Z,171,567,2
4542,2025-03-24T03:00:00.000Z,01:00:00,"Sin anamnesis",2025-03-24T03:00:00.000Z,"Sin eog","SEXTUPLE Y RABIA",0,0,"Sin referencia","Sin referencia",Administrador,TRUE,TRUE,2025-03-24T03:00:00.000Z,2025-03-24T03:00:00.000Z,1733,718,2
4543,2025-02-21T03:00:00.000Z,01:00:00,"Sin anamnesis",2025-02-21T03:00:00.000Z,"Sin eog","SEXTUPLE Y RABIA",0,0,"Sin referencia","Sin referencia",Administrador,TRUE,TRUE,2025-02-21T03:00:00.000Z,2025-02-21T03:00:00.000Z,237,764,2
4544,2024-11-24T03:00:00.000Z,01:00:00,"Sin anamnesis",2024-11-24T03:00:00.000Z,"Sin eog","SEXTUPLE Y RABIA",0,0,"Sin referencia","Sin referencia",Administrador,TRUE,TRUE,2024-11-24T03:00:00.000Z,2024-11-24T03:00:00.000Z,1790,775,2
4545,2025-05-15T03:00:00.000Z,01:00:00,"Sin anamnesis",2025-05-15T03:00:00.000Z,"Sin eog","SEXTUPLE Y RABIA",0,0,"Sin referencia","Sin referencia",Administrador,TRUE,TRUE,2025-05-15T03:00:00.000Z,2025-05-15T03:00:00.000Z,1665,650,2
4546,2024-07-12T03:00:00.000Z,01:00:00,"Sin anamnesis",2024-07-12T03:00:00.000Z,"Sin eog",Sextuple,0,0,"Sin referencia","Sin referencia",Administrador,TRUE,TRUE,2024-07-12T03:00:00.000Z,2024-07-12T03:00:00.000Z,1697,682,2
4547,2024-07-20T03:00:00.000Z,01:00:00,"Sin anamnesis",2024-07-20T03:00:00.000Z,"Sin eog",Sextuple,0,0,"Sin referencia","Sin referencia",Administrador,TRUE,TRUE,2024-07-20T03:00:00.000Z,2024-07-20T03:00:00.000Z,5195,682,2
4548,2024-10-09T03:00:00.000Z,01:00:00,"Sin anamnesis",2024-10-09T03:00:00.000Z,"Sin eog","SEXTUPLE Y RABIA",0,0,"Sin referencia","Sin referencia",Administrador,TRUE,TRUE,2024-10-09T03:00:00.000Z,2024-10-09T03:00:00.000Z,1988,974,2
4549,2024-11-22T03:00:00.000Z,01:00:00,"Sin anamnesis",2024-11-22T03:00:00.000Z,"Sin eog","SEXTUPLE Y RABIA",0,0,"Sin referencia","Sin referencia",Administrador,TRUE,TRUE,2024-11-22T03:00:00.000Z,2024-11-22T03:00:00.000Z,2003,989,2
4550,2024-11-11T03:00:00.000Z,01:00:00,"Sin anamnesis",2024-11-11T03:00:00.000Z,"Sin eog","SEXTUPLE Y RABIA",0,0,"Sin referencia","Sin referencia",Administrador,TRUE,TRUE,2024-11-11T03:00:00.000Z,2024-11-11T03:00:00.000Z,356,1262,2
4551,2024-11-02T03:00:00.000Z,01:00:00,"Sin anamnesis",2024-11-02T03:00:00.000Z,"Sin eog","SEXTUPLE Y RABIA",0,0,"Sin referencia","Sin referencia",Administrador,TRUE,TRUE,2024-11-02T03:00:00.000Z,2024-11-02T03:00:00.000Z,357,1264,2
4552,2024-06-28T03:00:00.000Z,01:00:00,"Sin anamnesis",2024-06-28T03:00:00.000Z,"Sin eog","SEXTUPLE Y RABIA",0,0,"Sin referencia","Sin referencia",Administrador,TRUE,TRUE,2024-06-28T03:00:00.000Z,2024-06-28T03:00:00.000Z,1078,55,2
4553,2024-09-08T03:00:00.000Z,01:00:00,"Sin anamnesis",2024-09-08T03:00:00.000Z,"Sin eog","SEXTUPLE Y RABIA",0,0,"Sin referencia","Sin referencia",Administrador,TRUE,TRUE,2024-09-08T03:00:00.000Z,2024-09-08T03:00:00.000Z,230,742,2
4554,2025-03-04T03:00:00.000Z,01:00:00,"Sin anamnesis",2025-03-04T03:00:00.000Z,"Sin eog","SEXTUPLE Y RABIA",0,0,"Sin referencia","Sin referencia",Administrador,TRUE,TRUE,2025-03-04T03:00:00.000Z,2025-03-04T03:00:00.000Z,1722,707,2
4555,2025-03-04T03:00:00.000Z,01:00:00,"Sin anamnesis",2025-03-04T03:00:00.000Z,"Sin eog",KC,0,0,"Sin referencia","Sin referencia",Administrador,TRUE,TRUE,2025-03-04T03:00:00.000Z,2025-03-04T03:00:00.000Z,1722,707,2
4556,2025-06-12T03:00:00.000Z,01:00:00,"Sin anamnesis",2025-06-12T03:00:00.000Z,"Sin eog","SEXTUPLE Y RABIA",0,0,"Sin referencia","Sin referencia",Administrador,TRUE,TRUE,2025-06-12T03:00:00.000Z,2025-06-12T03:00:00.000Z,1730,715,2
4557,2025-01-20T03:00:00.000Z,01:00:00,"Sin anamnesis",2025-01-20T03:00:00.000Z,"Sin eog","SEXTUPLE Y RABIA",0,0,"Sin referencia","Sin referencia",Administrador,TRUE,TRUE,2025-01-20T03:00:00.000Z,2025-01-20T03:00:00.000Z,1764,749,2
4558,2024-12-12T03:00:00.000Z,01:00:00,"Sin anamnesis",2024-12-12T03:00:00.000Z,"Sin eog","Rabia y triple",0,0,"Sin referencia","Sin referencia",Administrador,TRUE,TRUE,2024-12-12T03:00:00.000Z,2024-12-12T03:00:00.000Z,1842,828,2
4559,2024-07-10T03:00:00.000Z,01:00:00,"Sin anamnesis",2024-07-10T03:00:00.000Z,"Sin eog","SEXTUPLE Y RABIA",0,0,"Sin referencia","Sin referencia",Administrador,TRUE,TRUE,2024-07-10T03:00:00.000Z,2024-07-10T03:00:00.000Z,1846,832,2
4560,2025-06-08T03:00:00.000Z,01:00:00,"Sin anamnesis",2025-06-08T03:00:00.000Z,"Sin eog","Rabia y triple",0,0,"Sin referencia","Sin referencia",Administrador,TRUE,TRUE,2025-06-08T03:00:00.000Z,2025-06-08T03:00:00.000Z,1860,846,2
4561,2025-05-10T03:00:00.000Z,01:00:00,"Sin anamnesis",2025-05-10T03:00:00.000Z,"Sin eog","SEXTUPLE Y RABIA",0,0,"Sin referencia","Sin referencia",Administrador,TRUE,TRUE,2025-05-10T03:00:00.000Z,2025-05-10T03:00:00.000Z,1899,885,2
4562,2024-09-13T03:00:00.000Z,01:00:00,"Sin anamnesis",2024-09-13T03:00:00.000Z,"Sin eog","SEXTUPLE Y RABIA",0,0,"Sin referencia","Sin referencia",Administrador,TRUE,TRUE,2024-09-13T03:00:00.000Z,2024-09-13T03:00:00.000Z,1882,868,2
4563,2025-02-20T03:00:00.000Z,01:00:00,"Sin anamnesis",2025-02-20T03:00:00.000Z,"Sin eog","SEXTUPLE Y RABIA",0,0,"Sin referencia","Sin referencia",Administrador,TRUE,TRUE,2025-02-20T03:00:00.000Z,2025-02-20T03:00:00.000Z,1907,893,2
4564,2025-04-15T03:00:00.000Z,01:00:00,"Sin anamnesis",2025-04-15T03:00:00.000Z,"Sin eog","SEXTUPLE Y RABIA",0,0,"Sin referencia","Sin referencia",Administrador,TRUE,TRUE,2025-04-15T03:00:00.000Z,2025-04-15T03:00:00.000Z,273,913,2
4565,2024-11-21T03:00:00.000Z,01:00:00,"Sin anamnesis",2024-11-21T03:00:00.000Z,"Sin eog","SEXTUPLE Y RABIA",0,0,"Sin referencia","Sin referencia",Administrador,TRUE,TRUE,2024-11-21T03:00:00.000Z,2024-11-21T03:00:00.000Z,1962,948,2
4566,2024-06-26T03:00:00.000Z,01:00:00,"Sin anamnesis",2024-06-26T03:00:00.000Z,"Sin eog","SEXTUPLE Y RABIA",0,0,"Sin referencia","Sin referencia",Administrador,TRUE,TRUE,2024-06-26T03:00:00.000Z,2024-06-26T03:00:00.000Z,1998,984,2
4567,2024-07-25T03:00:00.000Z,01:00:00,"Sin anamnesis",2024-07-25T03:00:00.000Z,"Sin eog","SEXTUPLE Y RABIA",0,0,"Sin referencia","Sin referencia",Administrador,TRUE,TRUE,2024-07-25T03:00:00.000Z,2024-07-25T03:00:00.000Z,2016,1002,2
4568,2024-06-27T03:00:00.000Z,01:00:00,"Sin anamnesis",2024-06-27T03:00:00.000Z,"Sin eog",Sextuple,0,0,"Sin referencia","Sin referencia",Administrador,TRUE,TRUE,2024-06-27T03:00:00.000Z,2024-06-27T03:00:00.000Z,306,1045,2
4569,2025-02-06T03:00:00.000Z,01:00:00,"Sin anamnesis",2025-02-06T03:00:00.000Z,"Sin eog","SEXTUPLE Y RABIA",0,0,"Sin referencia","Sin referencia",Administrador,TRUE,TRUE,2025-02-06T03:00:00.000Z,2025-02-06T03:00:00.000Z,5577,1046,2
4570,2025-06-19T03:00:00.000Z,01:00:00,"Sin anamnesis",2025-06-19T03:00:00.000Z,"Sin eog","SEXTUPLE Y RABIA",0,0,"Sin referencia","Sin referencia",Administrador,TRUE,TRUE,2025-06-19T03:00:00.000Z,2025-06-19T03:00:00.000Z,310,1052,2
4571,2024-09-06T03:00:00.000Z,01:00:00,"Sin anamnesis",2024-09-06T03:00:00.000Z,"Sin eog","SEXTUPLE Y RABIA",0,0,"Sin referencia","Sin referencia",Administrador,TRUE,TRUE,2024-09-06T03:00:00.000Z,2024-09-06T03:00:00.000Z,2021,1007,2
4572,2025-02-27T03:00:00.000Z,01:00:00,"Sin anamnesis",2025-02-27T03:00:00.000Z,"Sin eog","SEXTUPLE Y RABIA",0,0,"Sin referencia","Sin referencia",Administrador,TRUE,TRUE,2025-02-27T03:00:00.000Z,2025-02-27T03:00:00.000Z,319,1091,2
4573,2025-03-12T03:00:00.000Z,01:00:00,"Sin anamnesis",2025-03-12T03:00:00.000Z,"Sin eog","SEXTUPLE Y RABIA",0,0,"Sin referencia","Sin referencia",Administrador,TRUE,TRUE,2025-03-12T03:00:00.000Z,2025-03-12T03:00:00.000Z,2110,1096,2
4574,2025-01-16T03:00:00.000Z,01:00:00,"Sin anamnesis",2025-01-16T03:00:00.000Z,"Sin eog","SEXTUPLE Y RABIA",0,0,"Sin referencia","Sin referencia",Administrador,TRUE,TRUE,2025-01-16T03:00:00.000Z,2025-01-16T03:00:00.000Z,324,1112,2
4575,2025-05-17T03:00:00.000Z,01:00:00,"Sin anamnesis",2025-05-17T03:00:00.000Z,"Sin eog","SEXTUPLE Y RABIA",0,0,"Sin referencia","Sin referencia",Administrador,TRUE,TRUE,2025-05-17T03:00:00.000Z,2025-05-17T03:00:00.000Z,2160,1146,2
4576,2024-12-07T03:00:00.000Z,01:00:00,"Sin anamnesis",2024-12-07T03:00:00.000Z,"Sin eog","SEXTUPLE Y RABIA",0,0,"Sin referencia","Sin referencia",Administrador,TRUE,TRUE,2024-12-07T03:00:00.000Z,2024-12-07T03:00:00.000Z,467,1954,2
4577,2024-09-09T03:00:00.000Z,01:00:00,"Sin anamnesis",2024-09-09T03:00:00.000Z,"Sin eog","Sin tratamiento",0,0,"Sin referencia","Sin referencia",Administrador,TRUE,TRUE,2024-09-09T03:00:00.000Z,2024-09-09T03:00:00.000Z,2977,1965,2
4578,2025-03-09T03:00:00.000Z,01:00:00,"Sin anamnesis",2025-03-09T03:00:00.000Z,"Sin eog","SEXTUPLE Y RABIA",0,0,"Sin referencia","Sin referencia",Administrador,TRUE,TRUE,2025-03-09T03:00:00.000Z,2025-03-09T03:00:00.000Z,2977,1965,2
4579,2024-11-30T03:00:00.000Z,01:00:00,"Sin anamnesis",2024-11-30T03:00:00.000Z,"Sin eog","SEXTUPLE Y RABIA",0,0,"Sin referencia","Sin referencia",Administrador,TRUE,TRUE,2024-11-30T03:00:00.000Z,2024-11-30T03:00:00.000Z,476,1984,2
4580,2025-05-10T03:00:00.000Z,01:00:00,"Sin anamnesis",2025-05-10T03:00:00.000Z,"Sin eog","SEXTUPLE Y RABIA",0,0,"Sin referencia","Sin referencia",Administrador,TRUE,TRUE,2025-05-10T03:00:00.000Z,2025-05-10T03:00:00.000Z,3009,1997,2
4581,2024-08-26T03:00:00.000Z,01:00:00,"Sin anamnesis",2024-08-26T03:00:00.000Z,"Sin eog","SEXTUPLE Y RABIA",0,0,"Sin referencia","Sin referencia",Administrador,TRUE,TRUE,2024-08-26T03:00:00.000Z,2024-08-26T03:00:00.000Z,568,2565,2
4582,2024-07-04T03:00:00.000Z,01:00:00,"Sin anamnesis",2024-07-04T03:00:00.000Z,"Sin eog","Sin tratamiento",0,0,"Sin referencia","Sin referencia",Administrador,TRUE,TRUE,2024-07-04T03:00:00.000Z,2024-07-04T03:00:00.000Z,2224,1211,2
4583,2024-08-02T03:00:00.000Z,01:00:00,"Sin anamnesis",2024-08-02T03:00:00.000Z,"Sin eog","SEXTUPLE Y RABIA",0,0,"Sin referencia","Sin referencia",Administrador,TRUE,TRUE,2024-08-02T03:00:00.000Z,2024-08-02T03:00:00.000Z,5289,2565,2
4584,2024-07-08T03:00:00.000Z,01:00:00,"Sin anamnesis",2024-07-08T03:00:00.000Z,"Sin eog",Sextuple,0,0,"Sin referencia","Sin referencia",Administrador,TRUE,TRUE,2024-07-08T03:00:00.000Z,2024-07-08T03:00:00.000Z,3592,2580,2
4585,2025-04-22T03:00:00.000Z,01:00:00,"Sin anamnesis",2025-04-22T03:00:00.000Z,"Sin eog","SEXTUPLE Y RABIA",0,0,"Sin referencia","Sin referencia",Administrador,TRUE,TRUE,2025-04-22T03:00:00.000Z,2025-04-22T03:00:00.000Z,3618,2606,2
4586,2024-08-06T03:00:00.000Z,01:00:00,"Sin anamnesis",2024-08-06T03:00:00.000Z,"Sin eog","Sin tratamiento",0,0,"Sin referencia","Sin referencia",Administrador,TRUE,TRUE,2024-08-06T03:00:00.000Z,2024-08-06T03:00:00.000Z,1078,55,2
4587,2024-09-08T03:00:00.000Z,01:00:00,"Sin anamnesis",2024-09-08T03:00:00.000Z,"Sin eog",Rabia,0,0,"Sin referencia","Sin referencia",Administrador,TRUE,TRUE,2024-09-08T03:00:00.000Z,2024-09-08T03:00:00.000Z,2364,1351,2
4588,2025-05-02T03:00:00.000Z,01:00:00,"Sin anamnesis",2025-05-02T03:00:00.000Z,"Sin eog","SEXTUPLE Y RABIA",0,0,"Sin referencia","Sin referencia",Administrador,TRUE,TRUE,2025-05-02T03:00:00.000Z,2025-05-02T03:00:00.000Z,2380,1367,2
4589,2025-04-26T03:00:00.000Z,01:00:00,"Sin anamnesis",2025-04-26T03:00:00.000Z,"Sin eog","SEXTUPLE Y RABIA",0,0,"Sin referencia","Sin referencia",Administrador,TRUE,TRUE,2025-04-26T03:00:00.000Z,2025-04-26T03:00:00.000Z,3639,2627,2
4590,2025-02-10T03:00:00.000Z,01:00:00,"Sin anamnesis",2025-02-10T03:00:00.000Z,"Sin eog","SEXTUPLE Y RABIA",0,0,"Sin referencia","Sin referencia",Administrador,TRUE,TRUE,2025-02-10T03:00:00.000Z,2025-02-10T03:00:00.000Z,1078,55,2
4591,2024-08-08T03:00:00.000Z,01:00:00,"Sin anamnesis",2024-08-08T03:00:00.000Z,"Sin eog","SEXTUPLE Y RABIA",0,0,"Sin referencia","Sin referencia",Administrador,TRUE,TRUE,2024-08-08T03:00:00.000Z,2024-08-08T03:00:00.000Z,3641,2629,2
4592,2025-04-01T03:00:00.000Z,01:00:00,"Sin anamnesis",2025-04-01T03:00:00.000Z,"Sin eog","SEXTUPLE Y RABIA",0,0,"Sin referencia","Sin referencia",Administrador,TRUE,TRUE,2025-04-01T03:00:00.000Z,2025-04-01T03:00:00.000Z,2186,1173,2
4593,2024-07-13T03:00:00.000Z,01:00:00,"Sin anamnesis",2024-07-13T03:00:00.000Z,"Sin eog","SEXTUPLE Y RABIA",0,0,"Sin referencia","Sin referencia",Administrador,TRUE,TRUE,2024-07-13T03:00:00.000Z,2024-07-13T03:00:00.000Z,3924,2912,2
4594,2025-06-13T03:00:00.000Z,01:00:00,"Sin anamnesis",2025-06-13T03:00:00.000Z,"Sin eog","Rabia y triple",0,0,"Sin referencia","Sin referencia",Administrador,TRUE,TRUE,2025-06-13T03:00:00.000Z,2025-06-13T03:00:00.000Z,3926,2914,2
4595,2024-08-05T03:00:00.000Z,01:00:00,"Sin anamnesis",2024-08-05T03:00:00.000Z,"Sin eog","Rabia y triple",0,0,"Sin referencia","Sin referencia",Administrador,TRUE,TRUE,2024-08-05T03:00:00.000Z,2024-08-05T03:00:00.000Z,3690,2678,2
4596,2025-06-23T03:00:00.000Z,01:00:00,"Sin anamnesis",2025-06-23T03:00:00.000Z,"Sin eog","Sin tratamiento",0,0,"Sin referencia","Sin referencia",Administrador,TRUE,TRUE,2025-06-23T03:00:00.000Z,2025-06-23T03:00:00.000Z,2197,1184,2
4597,2025-04-03T03:00:00.000Z,01:00:00,"Sin anamnesis",2025-04-03T03:00:00.000Z,"Sin eog",KC,0,0,"Sin referencia","Sin referencia",Administrador,TRUE,TRUE,2025-04-03T03:00:00.000Z,2025-04-03T03:00:00.000Z,341,1198,2
4598,2024-06-24T03:00:00.000Z,01:00:00,"Sin anamnesis",2024-06-24T03:00:00.000Z,"Sin eog",Sextuple,0,0,"Sin referencia","Sin referencia",Administrador,TRUE,TRUE,2024-06-24T03:00:00.000Z,2024-06-24T03:00:00.000Z,3695,2683,2
4599,2024-07-24T03:00:00.000Z,01:00:00,"Sin anamnesis",2024-07-24T03:00:00.000Z,"Sin eog","SEXTUPLE Y RABIA",0,0,"Sin referencia","Sin referencia",Administrador,TRUE,TRUE,2024-07-24T03:00:00.000Z,2024-07-24T03:00:00.000Z,3716,2704,2
4600,2025-05-24T03:00:00.000Z,01:00:00,"Sin anamnesis",2025-05-24T03:00:00.000Z,"Sin eog","SEXTUPLE Y RABIA",0,0,"Sin referencia","Sin referencia",Administrador,TRUE,TRUE,2025-05-24T03:00:00.000Z,2025-05-24T03:00:00.000Z,3727,2715,2
4601,2025-04-03T03:00:00.000Z,01:00:00,"Sin anamnesis",2025-04-03T03:00:00.000Z,"Sin eog",KC,0,0,"Sin referencia","Sin referencia",Administrador,TRUE,TRUE,2025-04-03T03:00:00.000Z,2025-04-03T03:00:00.000Z,5232,1198,2
4602,2025-04-03T03:00:00.000Z,01:00:00,"Sin anamnesis",2025-04-03T03:00:00.000Z,"Sin eog",KC,0,0,"Sin referencia","Sin referencia",Administrador,TRUE,TRUE,2025-04-03T03:00:00.000Z,2025-04-03T03:00:00.000Z,5422,1198,2
4603,2025-04-03T03:00:00.000Z,01:00:00,"Sin anamnesis",2025-04-03T03:00:00.000Z,"Sin eog",KC,0,0,"Sin referencia","Sin referencia",Administrador,TRUE,TRUE,2025-04-03T03:00:00.000Z,2025-04-03T03:00:00.000Z,5526,1198,2
4604,2025-04-17T03:00:00.000Z,01:00:00,"Sin anamnesis",2025-04-17T03:00:00.000Z,"Sin eog","Rabia y triple",0,0,"Sin referencia","Sin referencia",Administrador,TRUE,TRUE,2025-04-17T03:00:00.000Z,2025-04-17T03:00:00.000Z,1078,55,2
4605,2025-04-12T03:00:00.000Z,01:00:00,"Sin anamnesis",2025-04-12T03:00:00.000Z,"Sin eog","SEXTUPLE Y RABIA",0,0,"Sin referencia","Sin referencia",Administrador,TRUE,TRUE,2025-04-12T03:00:00.000Z,2025-04-12T03:00:00.000Z,2251,1238,2
4606,2025-05-02T03:00:00.000Z,01:00:00,"Sin anamnesis",2025-05-02T03:00:00.000Z,"Sin eog","SEXTUPLE Y RABIA",0,0,"Sin referencia","Sin referencia",Administrador,TRUE,TRUE,2025-05-02T03:00:00.000Z,2025-05-02T03:00:00.000Z,1078,55,2
4607,2024-12-12T03:00:00.000Z,01:00:00,"Sin anamnesis",2024-12-12T03:00:00.000Z,"Sin eog","SEXTUPLE Y RABIA",0,0,"Sin referencia","Sin referencia",Administrador,TRUE,TRUE,2024-12-12T03:00:00.000Z,2024-12-12T03:00:00.000Z,5295,2716,2
4608,2024-09-06T03:00:00.000Z,01:00:00,"Sin anamnesis",2024-09-06T03:00:00.000Z,"Sin eog","Sin tratamiento",0,0,"Sin referencia","Sin referencia",Administrador,TRUE,TRUE,2024-09-06T03:00:00.000Z,2024-09-06T03:00:00.000Z,3730,2718,2
4609,2025-01-16T03:00:00.000Z,01:00:00,"Sin anamnesis",2025-01-16T03:00:00.000Z,"Sin eog",Sextuple,0,0,"Sin referencia","Sin referencia",Administrador,TRUE,TRUE,2025-01-16T03:00:00.000Z,2025-01-16T03:00:00.000Z,2302,1289,2
4610,2024-07-10T03:00:00.000Z,01:00:00,"Sin anamnesis",2024-07-10T03:00:00.000Z,"Sin eog","SEXTUPLE Y RABIA",0,0,"Sin referencia","Sin referencia",Administrador,TRUE,TRUE,2024-07-10T03:00:00.000Z,2024-07-10T03:00:00.000Z,3732,2720,2
4611,2025-02-27T03:00:00.000Z,01:00:00,"Sin anamnesis",2025-02-27T03:00:00.000Z,"Sin eog","SEXTUPLE Y RABIA",0,0,"Sin referencia","Sin referencia",Administrador,TRUE,TRUE,2025-02-27T03:00:00.000Z,2025-02-27T03:00:00.000Z,2316,1303,2
4612,2025-05-22T03:00:00.000Z,01:00:00,"Sin anamnesis",2025-05-22T03:00:00.000Z,"Sin eog","SEXTUPLE Y RABIA",0,0,"Sin referencia","Sin referencia",Administrador,TRUE,TRUE,2025-05-22T03:00:00.000Z,2025-05-22T03:00:00.000Z,374,1348,2
4613,2024-06-28T03:00:00.000Z,01:00:00,"Sin anamnesis",2024-06-28T03:00:00.000Z,"Sin eog","SEXTUPLE Y RABIA",0,0,"Sin referencia","Sin referencia",Administrador,TRUE,TRUE,2024-06-28T03:00:00.000Z,2024-06-28T03:00:00.000Z,3734,2722,2
4614,2024-09-29T03:00:00.000Z,01:00:00,"Sin anamnesis",2024-09-29T03:00:00.000Z,"Sin eog",KC,0,0,"Sin referencia","Sin referencia",Administrador,TRUE,TRUE,2024-09-29T03:00:00.000Z,2024-09-29T03:00:00.000Z,3734,2722,2
4615,2024-08-19T03:00:00.000Z,01:00:00,"Sin anamnesis",2024-08-19T03:00:00.000Z,"Sin eog","SEXTUPLE Y RABIA",0,0,"Sin referencia","Sin referencia",Administrador,TRUE,TRUE,2024-08-19T03:00:00.000Z,2024-08-19T03:00:00.000Z,3739,2727,2
4616,2024-11-21T03:00:00.000Z,01:00:00,"Sin anamnesis",2024-11-21T03:00:00.000Z,"Sin eog","SEXTUPLE Y RABIA",0,0,"Sin referencia","Sin referencia",Administrador,TRUE,TRUE,2024-11-21T03:00:00.000Z,2024-11-21T03:00:00.000Z,3743,2731,2
4617,2024-08-08T03:00:00.000Z,01:00:00,"Sin anamnesis",2024-08-08T03:00:00.000Z,"Sin eog","SEXTUPLE Y RABIA",0,0,"Sin referencia","Sin referencia",Administrador,TRUE,TRUE,2024-08-08T03:00:00.000Z,2024-08-08T03:00:00.000Z,3752,2740,2
4618,2024-07-22T03:00:00.000Z,01:00:00,"Sin anamnesis",2024-07-22T03:00:00.000Z,"Sin eog","SEXTUPLE Y RABIA",0,0,"Sin referencia","Sin referencia",Administrador,TRUE,TRUE,2024-07-22T03:00:00.000Z,2024-07-22T03:00:00.000Z,3757,2745,2
4619,2024-09-18T03:00:00.000Z,01:00:00,"Sin anamnesis",2024-09-18T03:00:00.000Z,"Sin eog","SEXTUPLE Y RABIA",0,0,"Sin referencia","Sin referencia",Administrador,TRUE,TRUE,2024-09-18T03:00:00.000Z,2024-09-18T03:00:00.000Z,3774,2762,2
4620,2025-03-11T03:00:00.000Z,01:00:00,"Sin anamnesis",2025-03-11T03:00:00.000Z,"Sin eog","SEXTUPLE Y RABIA",0,0,"Sin referencia","Sin referencia",Administrador,TRUE,TRUE,2025-03-11T03:00:00.000Z,2025-03-11T03:00:00.000Z,1078,55,2
4621,2024-07-04T03:00:00.000Z,01:00:00,"Sin anamnesis",2024-07-04T03:00:00.000Z,"Sin eog","SEXTUPLE Y RABIA",0,0,"Sin referencia","Sin referencia",Administrador,TRUE,TRUE,2024-07-04T03:00:00.000Z,2024-07-04T03:00:00.000Z,3780,2768,2
4622,2024-07-11T03:00:00.000Z,01:00:00,"Sin anamnesis",2024-07-11T03:00:00.000Z,"Sin eog","SEXTUPLE Y RABIA",0,0,"Sin referencia","Sin referencia",Administrador,TRUE,TRUE,2024-07-11T03:00:00.000Z,2024-07-11T03:00:00.000Z,3787,2775,2
4623,2024-09-04T03:00:00.000Z,01:00:00,"Sin anamnesis",2024-09-04T03:00:00.000Z,"Sin eog","SEXTUPLE Y RABIA",0,0,"Sin referencia","Sin referencia",Administrador,TRUE,TRUE,2024-09-04T03:00:00.000Z,2024-09-04T03:00:00.000Z,3799,2787,2
4624,2025-06-17T03:00:00.000Z,01:00:00,"Sin anamnesis",2025-06-17T03:00:00.000Z,"Sin eog","SEXTUPLE Y RABIA",0,0,"Sin referencia","Sin referencia",Administrador,TRUE,TRUE,2025-06-17T03:00:00.000Z,2025-06-17T03:00:00.000Z,2415,1402,2
4625,2024-08-29T03:00:00.000Z,01:00:00,"Sin anamnesis",2024-08-29T03:00:00.000Z,"Sin eog","Rabia y triple",0,0,"Sin referencia","Sin referencia",Administrador,TRUE,TRUE,2024-08-29T03:00:00.000Z,2024-08-29T03:00:00.000Z,3807,2795,2
4626,2025-05-02T03:00:00.000Z,01:00:00,"Sin anamnesis",2025-05-02T03:00:00.000Z,"Sin eog","SEXTUPLE Y RABIA",0,0,"Sin referencia","Sin referencia",Administrador,TRUE,TRUE,2025-05-02T03:00:00.000Z,2025-05-02T03:00:00.000Z,2429,1416,2
4627,2024-10-19T03:00:00.000Z,01:00:00,"Sin anamnesis",2024-10-19T03:00:00.000Z,"Sin eog","SEXTUPLE Y RABIA",0,0,"Sin referencia","Sin referencia",Administrador,TRUE,TRUE,2024-10-19T03:00:00.000Z,2024-10-19T03:00:00.000Z,3819,2807,2
4628,2025-04-09T03:00:00.000Z,01:00:00,"Sin anamnesis",2025-04-09T03:00:00.000Z,"Sin eog","SEXTUPLE Y RABIA",0,0,"Sin referencia","Sin referencia",Administrador,TRUE,TRUE,2025-04-09T03:00:00.000Z,2025-04-09T03:00:00.000Z,2479,1467,2
4629,2024-09-12T03:00:00.000Z,01:00:00,"Sin anamnesis",2024-09-12T03:00:00.000Z,"Sin eog","SEXTUPLE Y RABIA",0,0,"Sin referencia","Sin referencia",Administrador,TRUE,TRUE,2024-09-12T03:00:00.000Z,2024-09-12T03:00:00.000Z,3826,2814,2
4630,2024-09-04T03:00:00.000Z,01:00:00,"Sin anamnesis",2024-09-04T03:00:00.000Z,"Sin eog","SEXTUPLE Y RABIA",0,0,"Sin referencia","Sin referencia",Administrador,TRUE,TRUE,2024-09-04T03:00:00.000Z,2024-09-04T03:00:00.000Z,3828,2816,2
4631,2024-11-01T03:00:00.000Z,01:00:00,"Sin anamnesis",2024-11-01T03:00:00.000Z,"Sin eog","Rabia y triple",0,0,"Sin referencia","Sin referencia",Administrador,TRUE,TRUE,2024-11-01T03:00:00.000Z,2024-11-01T03:00:00.000Z,2580,1568,2
4632,2024-08-12T03:00:00.000Z,01:00:00,"Sin anamnesis",2024-08-12T03:00:00.000Z,"Sin eog",Sextuple,0,0,"Sin referencia","Sin referencia",Administrador,TRUE,TRUE,2024-08-12T03:00:00.000Z,2024-08-12T03:00:00.000Z,2353,1340,2
4633,2024-08-31T03:00:00.000Z,01:00:00,"Sin anamnesis",2024-08-31T03:00:00.000Z,"Sin eog","Sin tratamiento",0,0,"Sin referencia","Sin referencia",Administrador,TRUE,TRUE,2024-08-31T03:00:00.000Z,2024-08-31T03:00:00.000Z,3828,2816,2
4634,2024-10-13T03:00:00.000Z,01:00:00,"Sin anamnesis",2024-10-13T03:00:00.000Z,"Sin eog","SEXTUPLE Y RABIA",0,0,"Sin referencia","Sin referencia",Administrador,TRUE,TRUE,2024-10-13T03:00:00.000Z,2024-10-13T03:00:00.000Z,2355,1342,2
4635,2024-11-09T03:00:00.000Z,01:00:00,"Sin anamnesis",2024-11-09T03:00:00.000Z,"Sin eog","SEXTUPLE Y RABIA",0,0,"Sin referencia","Sin referencia",Administrador,TRUE,TRUE,2024-11-09T03:00:00.000Z,2024-11-09T03:00:00.000Z,3829,2817,2
4636,2025-06-14T03:00:00.000Z,01:00:00,"Sin anamnesis",2025-06-14T03:00:00.000Z,"Sin eog",KC,0,0,"Sin referencia","Sin referencia",Administrador,TRUE,TRUE,2025-06-14T03:00:00.000Z,2025-06-14T03:00:00.000Z,2355,1342,2
4637,2024-08-17T03:00:00.000Z,01:00:00,"Sin anamnesis",2024-08-17T03:00:00.000Z,"Sin eog","SEXTUPLE Y RABIA",0,0,"Sin referencia","Sin referencia",Administrador,TRUE,TRUE,2024-08-17T03:00:00.000Z,2024-08-17T03:00:00.000Z,3832,2820,2
4638,2024-09-12T03:00:00.000Z,01:00:00,"Sin anamnesis",2024-09-12T03:00:00.000Z,"Sin eog","SEXTUPLE Y RABIA",0,0,"Sin referencia","Sin referencia",Administrador,TRUE,TRUE,2024-09-12T03:00:00.000Z,2024-09-12T03:00:00.000Z,3833,2821,2
4639,2025-06-14T03:00:00.000Z,01:00:00,"Sin anamnesis",2025-06-14T03:00:00.000Z,"Sin eog",KC,0,0,"Sin referencia","Sin referencia",Administrador,TRUE,TRUE,2025-06-14T03:00:00.000Z,2025-06-14T03:00:00.000Z,373,1342,2
4640,2024-08-19T03:00:00.000Z,01:00:00,"Sin anamnesis",2024-08-19T03:00:00.000Z,"Sin eog","SEXTUPLE Y RABIA",0,0,"Sin referencia","Sin referencia",Administrador,TRUE,TRUE,2024-08-19T03:00:00.000Z,2024-08-19T03:00:00.000Z,3834,2822,2
4641,2025-06-14T03:00:00.000Z,01:00:00,"Sin anamnesis",2025-06-14T03:00:00.000Z,"Sin eog",Sextuple,0,0,"Sin referencia","Sin referencia",Administrador,TRUE,TRUE,2025-06-14T03:00:00.000Z,2025-06-14T03:00:00.000Z,373,1342,2
4642,2024-11-09T03:00:00.000Z,01:00:00,"Sin anamnesis",2024-11-09T03:00:00.000Z,"Sin eog","Sin tratamiento",0,0,"Sin referencia","Sin referencia",Administrador,TRUE,TRUE,2024-11-09T03:00:00.000Z,2024-11-09T03:00:00.000Z,3836,2824,2
4643,2024-10-02T03:00:00.000Z,01:00:00,"Sin anamnesis",2024-10-02T03:00:00.000Z,"Sin eog","SEXTUPLE Y RABIA",0,0,"Sin referencia","Sin referencia",Administrador,TRUE,TRUE,2024-10-02T03:00:00.000Z,2024-10-02T03:00:00.000Z,2369,1356,2
4644,2024-08-28T03:00:00.000Z,01:00:00,"Sin anamnesis",2024-08-28T03:00:00.000Z,"Sin eog","SEXTUPLE Y RABIA",0,0,"Sin referencia","Sin referencia",Administrador,TRUE,TRUE,2024-08-28T03:00:00.000Z,2024-08-28T03:00:00.000Z,3849,2837,2
4645,2024-08-30T03:00:00.000Z,01:00:00,"Sin anamnesis",2024-08-30T03:00:00.000Z,"Sin eog","Rabia y triple",0,0,"Sin referencia","Sin referencia",Administrador,TRUE,TRUE,2024-08-30T03:00:00.000Z,2024-08-30T03:00:00.000Z,600,2837,2
4646,2024-08-30T03:00:00.000Z,01:00:00,"Sin anamnesis",2024-08-30T03:00:00.000Z,"Sin eog","Rabia y triple",0,0,"Sin referencia","Sin referencia",Administrador,TRUE,TRUE,2024-08-30T03:00:00.000Z,2024-08-30T03:00:00.000Z,5296,2837,2
4647,2024-09-28T03:00:00.000Z,01:00:00,"Sin anamnesis",2024-09-28T03:00:00.000Z,"Sin eog","SEXTUPLE Y RABIA",0,0,"Sin referencia","Sin referencia",Administrador,TRUE,TRUE,2024-09-28T03:00:00.000Z,2024-09-28T03:00:00.000Z,3851,2839,2
4648,2024-09-01T03:00:00.000Z,01:00:00,"Sin anamnesis",2024-09-01T03:00:00.000Z,"Sin eog","SEXTUPLE Y RABIA",0,0,"Sin referencia","Sin referencia",Administrador,TRUE,TRUE,2024-09-01T03:00:00.000Z,2024-09-01T03:00:00.000Z,3856,2844,2
4649,2024-09-04T03:00:00.000Z,01:00:00,"Sin anamnesis",2024-09-04T03:00:00.000Z,"Sin eog","SEXTUPLE Y RABIA",0,0,"Sin referencia","Sin referencia",Administrador,TRUE,TRUE,2024-09-04T03:00:00.000Z,2024-09-04T03:00:00.000Z,3861,2849,2
4650,2024-09-04T03:00:00.000Z,01:00:00,"Sin anamnesis",2024-09-04T03:00:00.000Z,"Sin eog","SEXTUPLE Y RABIA",0,0,"Sin referencia","Sin referencia",Administrador,TRUE,TRUE,2024-09-04T03:00:00.000Z,2024-09-04T03:00:00.000Z,602,2849,2
4651,2024-09-04T03:00:00.000Z,01:00:00,"Sin anamnesis",2024-09-04T03:00:00.000Z,"Sin eog","SEXTUPLE Y RABIA",0,0,"Sin referencia","Sin referencia",Administrador,TRUE,TRUE,2024-09-04T03:00:00.000Z,2024-09-04T03:00:00.000Z,3862,2850,2
4652,2024-08-31T03:00:00.000Z,01:00:00,"Sin anamnesis",2024-08-31T03:00:00.000Z,"Sin eog","Sin tratamiento",0,0,"Sin referencia","Sin referencia",Administrador,TRUE,TRUE,2024-08-31T03:00:00.000Z,2024-08-31T03:00:00.000Z,3862,2850,2
4653,2024-09-07T03:00:00.000Z,01:00:00,"Sin anamnesis",2024-09-07T03:00:00.000Z,"Sin eog","SEXTUPLE Y RABIA",0,0,"Sin referencia","Sin referencia",Administrador,TRUE,TRUE,2024-09-07T03:00:00.000Z,2024-09-07T03:00:00.000Z,3867,2855,2
4654,2024-12-16T03:00:00.000Z,01:00:00,"Sin anamnesis",2024-12-16T03:00:00.000Z,"Sin eog","SEXTUPLE Y RABIA",0,0,"Sin referencia","Sin referencia",Administrador,TRUE,TRUE,2024-12-16T03:00:00.000Z,2024-12-16T03:00:00.000Z,2376,1363,2
4655,2024-08-03T03:00:00.000Z,01:00:00,"Sin anamnesis",2024-08-03T03:00:00.000Z,"Sin eog","SEXTUPLE Y RABIA",0,0,"Sin referencia","Sin referencia",Administrador,TRUE,TRUE,2024-08-03T03:00:00.000Z,2024-08-03T03:00:00.000Z,2379,1366,2
4656,2024-08-03T03:00:00.000Z,01:00:00,"Sin anamnesis",2024-08-03T03:00:00.000Z,"Sin eog","SEXTUPLE Y RABIA",0,0,"Sin referencia","Sin referencia",Administrador,TRUE,TRUE,2024-08-03T03:00:00.000Z,2024-08-03T03:00:00.000Z,5239,1366,2
4657,2024-09-09T03:00:00.000Z,01:00:00,"Sin anamnesis",2024-09-09T03:00:00.000Z,"Sin eog","SEXTUPLE Y RABIA",0,0,"Sin referencia","Sin referencia",Administrador,TRUE,TRUE,2024-09-09T03:00:00.000Z,2024-09-09T03:00:00.000Z,3871,2859,2
4658,2025-06-14T03:00:00.000Z,01:00:00,"Sin anamnesis",2025-06-14T03:00:00.000Z,"Sin eog",Sextuple,0,0,"Sin referencia","Sin referencia",Administrador,TRUE,TRUE,2025-06-14T03:00:00.000Z,2025-06-14T03:00:00.000Z,378,1381,2
4659,2024-11-08T03:00:00.000Z,01:00:00,"Sin anamnesis",2024-11-08T03:00:00.000Z,"Sin eog","SEXTUPLE Y RABIA",0,0,"Sin referencia","Sin referencia",Administrador,TRUE,TRUE,2024-11-08T03:00:00.000Z,2024-11-08T03:00:00.000Z,603,2863,2
4660,2024-08-01T03:00:00.000Z,01:00:00,"Sin anamnesis",2024-08-01T03:00:00.000Z,"Sin eog","SEXTUPLE Y RABIA",0,0,"Sin referencia","Sin referencia",Administrador,TRUE,TRUE,2024-08-01T03:00:00.000Z,2024-08-01T03:00:00.000Z,2411,1398,2
4661,2025-06-12T03:00:00.000Z,01:00:00,"Sin anamnesis",2025-06-12T03:00:00.000Z,"Sin eog","SEXTUPLE Y RABIA",0,0,"Sin referencia","Sin referencia",Administrador,TRUE,TRUE,2025-06-12T03:00:00.000Z,2025-06-12T03:00:00.000Z,3878,2866,2
4662,2024-09-30T03:00:00.000Z,01:00:00,"Sin anamnesis",2024-09-30T03:00:00.000Z,"Sin eog","SEXTUPLE Y RABIA",0,0,"Sin referencia","Sin referencia",Administrador,TRUE,TRUE,2024-09-30T03:00:00.000Z,2024-09-30T03:00:00.000Z,3883,2871,2
4663,2024-09-18T03:00:00.000Z,01:00:00,"Sin anamnesis",2024-09-18T03:00:00.000Z,"Sin eog","SEXTUPLE Y RABIA",0,0,"Sin referencia","Sin referencia",Administrador,TRUE,TRUE,2024-09-18T03:00:00.000Z,2024-09-18T03:00:00.000Z,3886,2874,2
4664,2025-02-10T03:00:00.000Z,01:00:00,"Sin anamnesis",2025-02-10T03:00:00.000Z,"Sin eog","SEXTUPLE Y RABIA",0,0,"Sin referencia","Sin referencia",Administrador,TRUE,TRUE,2025-02-10T03:00:00.000Z,2025-02-10T03:00:00.000Z,3903,2891,2
4665,2024-10-16T03:00:00.000Z,01:00:00,"Sin anamnesis",2024-10-16T03:00:00.000Z,"Sin eog","SEXTUPLE Y RABIA",0,0,"Sin referencia","Sin referencia",Administrador,TRUE,TRUE,2024-10-16T03:00:00.000Z,2024-10-16T03:00:00.000Z,3909,2897,2
4666,2024-10-16T03:00:00.000Z,01:00:00,"Sin anamnesis",2024-10-16T03:00:00.000Z,"Sin eog","SEXTUPLE Y RABIA",0,0,"Sin referencia","Sin referencia",Administrador,TRUE,TRUE,2024-10-16T03:00:00.000Z,2024-10-16T03:00:00.000Z,4238,3229,2
4667,2024-11-27T03:00:00.000Z,01:00:00,"Sin anamnesis",2024-11-27T03:00:00.000Z,"Sin eog","SEXTUPLE Y RABIA",0,0,"Sin referencia","Sin referencia",Administrador,TRUE,TRUE,2024-11-27T03:00:00.000Z,2024-11-27T03:00:00.000Z,4242,3233,2
4668,2024-10-29T03:00:00.000Z,01:00:00,"Sin anamnesis",2024-10-29T03:00:00.000Z,"Sin eog","SEXTUPLE Y RABIA",0,0,"Sin referencia","Sin referencia",Administrador,TRUE,TRUE,2024-10-29T03:00:00.000Z,2024-10-29T03:00:00.000Z,4246,3237,2
4669,2024-10-23T03:00:00.000Z,01:00:00,"Sin anamnesis",2024-10-23T03:00:00.000Z,"Sin eog","SEXTUPLE Y RABIA",0,0,"Sin referencia","Sin referencia",Administrador,TRUE,TRUE,2024-10-23T03:00:00.000Z,2024-10-23T03:00:00.000Z,3938,2926,2
4670,2025-01-12T03:00:00.000Z,01:00:00,"Sin anamnesis",2025-01-12T03:00:00.000Z,"Sin eog","Rabia y triple",0,0,"Sin referencia","Sin referencia",Administrador,TRUE,TRUE,2025-01-12T03:00:00.000Z,2025-01-12T03:00:00.000Z,3944,2933,2
4671,2024-10-28T03:00:00.000Z,01:00:00,"Sin anamnesis",2024-10-28T03:00:00.000Z,"Sin eog","SEXTUPLE Y RABIA",0,0,"Sin referencia","Sin referencia",Administrador,TRUE,TRUE,2024-10-28T03:00:00.000Z,2024-10-28T03:00:00.000Z,3949,2938,2
4672,2024-10-28T03:00:00.000Z,01:00:00,"Sin anamnesis",2024-10-28T03:00:00.000Z,"Sin eog",KC,0,0,"Sin referencia","Sin referencia",Administrador,TRUE,TRUE,2024-10-28T03:00:00.000Z,2024-10-28T03:00:00.000Z,3949,2938,2
4673,2024-12-16T03:00:00.000Z,01:00:00,"Sin anamnesis",2024-12-16T03:00:00.000Z,"Sin eog","Rabia y triple",0,0,"Sin referencia","Sin referencia",Administrador,TRUE,TRUE,2024-12-16T03:00:00.000Z,2024-12-16T03:00:00.000Z,3961,2952,2
4674,2024-11-08T03:00:00.000Z,01:00:00,"Sin anamnesis",2024-11-08T03:00:00.000Z,"Sin eog","SEXTUPLE Y RABIA",0,0,"Sin referencia","Sin referencia",Administrador,TRUE,TRUE,2024-11-08T03:00:00.000Z,2024-11-08T03:00:00.000Z,3975,2966,2
4675,2024-10-24T03:00:00.000Z,01:00:00,"Sin anamnesis",2024-10-24T03:00:00.000Z,"Sin eog","SEXTUPLE Y RABIA",0,0,"Sin referencia","Sin referencia",Administrador,TRUE,TRUE,2024-10-24T03:00:00.000Z,2024-10-24T03:00:00.000Z,2492,1480,2
4676,2024-08-11T03:00:00.000Z,01:00:00,"Sin anamnesis",2024-08-11T03:00:00.000Z,"Sin eog",Rabia,0,0,"Sin referencia","Sin referencia",Administrador,TRUE,TRUE,2024-08-11T03:00:00.000Z,2024-08-11T03:00:00.000Z,2539,1527,2
4677,2024-11-09T03:00:00.000Z,01:00:00,"Sin anamnesis",2024-11-09T03:00:00.000Z,"Sin eog","SEXTUPLE Y RABIA",0,0,"Sin referencia","Sin referencia",Administrador,TRUE,TRUE,2024-11-09T03:00:00.000Z,2024-11-09T03:00:00.000Z,615,2966,2
4678,2024-11-09T03:00:00.000Z,01:00:00,"Sin anamnesis",2024-11-09T03:00:00.000Z,"Sin eog","SEXTUPLE Y RABIA",0,0,"Sin referencia","Sin referencia",Administrador,TRUE,TRUE,2024-11-09T03:00:00.000Z,2024-11-09T03:00:00.000Z,5298,2966,2
4679,2025-06-13T03:00:00.000Z,01:00:00,"Sin anamnesis",2025-06-13T03:00:00.000Z,"Sin eog","SEXTUPLE Y RABIA",0,0,"Sin referencia","Sin referencia",Administrador,TRUE,TRUE,2025-06-13T03:00:00.000Z,2025-06-13T03:00:00.000Z,2552,1540,2
4680,2024-11-14T03:00:00.000Z,01:00:00,"Sin anamnesis",2024-11-14T03:00:00.000Z,"Sin eog","SEXTUPLE Y RABIA",0,0,"Sin referencia","Sin referencia",Administrador,TRUE,TRUE,2024-11-14T03:00:00.000Z,2024-11-14T03:00:00.000Z,2570,1558,2
4681,2024-11-11T03:00:00.000Z,01:00:00,"Sin anamnesis",2024-11-11T03:00:00.000Z,"Sin eog","SEXTUPLE Y RABIA",0,0,"Sin referencia","Sin referencia",Administrador,TRUE,TRUE,2024-11-11T03:00:00.000Z,2024-11-11T03:00:00.000Z,3981,2972,2
4682,2025-06-18T03:00:00.000Z,01:00:00,"Sin anamnesis",2025-06-18T03:00:00.000Z,"Sin eog","SEXTUPLE Y RABIA",0,0,"Sin referencia","Sin referencia",Administrador,TRUE,TRUE,2025-06-18T03:00:00.000Z,2025-06-18T03:00:00.000Z,2574,1562,2
4683,2025-02-08T03:00:00.000Z,01:00:00,"Sin anamnesis",2025-02-08T03:00:00.000Z,"Sin eog","SEXTUPLE Y RABIA",0,0,"Sin referencia","Sin referencia",Administrador,TRUE,TRUE,2025-02-08T03:00:00.000Z,2025-02-08T03:00:00.000Z,3986,2977,2
4684,2025-05-15T03:00:00.000Z,01:00:00,"Sin anamnesis",2025-05-15T03:00:00.000Z,"Sin eog","SEXTUPLE Y RABIA",0,0,"Sin referencia","Sin referencia",Administrador,TRUE,TRUE,2025-05-15T03:00:00.000Z,2025-05-15T03:00:00.000Z,2601,1589,2
4685,2025-01-10T03:00:00.000Z,01:00:00,"Sin anamnesis",2025-01-10T03:00:00.000Z,"Sin eog","Rabia y triple",0,0,"Sin referencia","Sin referencia",Administrador,TRUE,TRUE,2025-01-10T03:00:00.000Z,2025-01-10T03:00:00.000Z,3988,2979,2
4686,2024-08-14T03:00:00.000Z,01:00:00,"Sin anamnesis",2024-08-14T03:00:00.000Z,"Sin eog","Sin tratamiento",0,0,"Sin referencia","Sin referencia",Administrador,TRUE,TRUE,2024-08-14T03:00:00.000Z,2024-08-14T03:00:00.000Z,2601,1589,2
4687,2024-11-15T03:00:00.000Z,01:00:00,"Sin anamnesis",2024-11-15T03:00:00.000Z,"Sin eog","Rabia y triple",0,0,"Sin referencia","Sin referencia",Administrador,TRUE,TRUE,2024-11-15T03:00:00.000Z,2024-11-15T03:00:00.000Z,3994,2985,2
4688,2025-03-15T03:00:00.000Z,01:00:00,"Sin anamnesis",2025-03-15T03:00:00.000Z,"Sin eog",Rabia,0,0,"Sin referencia","Sin referencia",Administrador,TRUE,TRUE,2025-03-15T03:00:00.000Z,2025-03-15T03:00:00.000Z,410,1589,2
4689,2024-11-29T03:00:00.000Z,01:00:00,"Sin anamnesis",2024-11-29T03:00:00.000Z,"Sin eog",Rabia,0,0,"Sin referencia","Sin referencia",Administrador,TRUE,TRUE,2024-11-29T03:00:00.000Z,2024-11-29T03:00:00.000Z,4032,3023,2
4690,2025-03-27T03:00:00.000Z,01:00:00,"Sin anamnesis",2025-03-27T03:00:00.000Z,"Sin eog",KC,0,0,"Sin referencia","Sin referencia",Administrador,TRUE,TRUE,2025-03-27T03:00:00.000Z,2025-03-27T03:00:00.000Z,4037,3028,2
4691,2025-03-19T03:00:00.000Z,01:00:00,"Sin anamnesis",2025-03-19T03:00:00.000Z,"Sin eog","SEXTUPLE Y RABIA",0,0,"Sin referencia","Sin referencia",Administrador,TRUE,TRUE,2025-03-19T03:00:00.000Z,2025-03-19T03:00:00.000Z,4065,3056,2
4692,2025-03-14T03:00:00.000Z,01:00:00,"Sin anamnesis",2025-03-14T03:00:00.000Z,"Sin eog","SEXTUPLE Y RABIA",0,0,"Sin referencia","Sin referencia",Administrador,TRUE,TRUE,2025-03-14T03:00:00.000Z,2025-03-14T03:00:00.000Z,1078,55,2
4693,2025-02-19T03:00:00.000Z,01:00:00,"Sin anamnesis",2025-02-19T03:00:00.000Z,"Sin eog",Rabia,0,0,"Sin referencia","Sin referencia",Administrador,TRUE,TRUE,2025-02-19T03:00:00.000Z,2025-02-19T03:00:00.000Z,627,3075,2
4694,2025-02-22T03:00:00.000Z,01:00:00,"Sin anamnesis",2025-02-22T03:00:00.000Z,"Sin eog","SEXTUPLE Y RABIA",0,0,"Sin referencia","Sin referencia",Administrador,TRUE,TRUE,2025-02-22T03:00:00.000Z,2025-02-22T03:00:00.000Z,4099,3090,2
4695,2024-12-19T03:00:00.000Z,01:00:00,"Sin anamnesis",2024-12-19T03:00:00.000Z,"Sin eog","SEXTUPLE Y RABIA",0,0,"Sin referencia","Sin referencia",Administrador,TRUE,TRUE,2024-12-19T03:00:00.000Z,2024-12-19T03:00:00.000Z,4111,3102,2
4696,2025-01-12T03:00:00.000Z,01:00:00,"Sin anamnesis",2025-01-12T03:00:00.000Z,"Sin eog","SEXTUPLE Y RABIA",0,0,"Sin referencia","Sin referencia",Administrador,TRUE,TRUE,2025-01-12T03:00:00.000Z,2025-01-12T03:00:00.000Z,4131,3122,2
4697,2024-12-23T03:00:00.000Z,01:00:00,"Sin anamnesis",2024-12-23T03:00:00.000Z,"Sin eog","SEXTUPLE Y RABIA",0,0,"Sin referencia","Sin referencia",Administrador,TRUE,TRUE,2024-12-23T03:00:00.000Z,2024-12-23T03:00:00.000Z,4137,3128,2
4698,2024-09-18T03:00:00.000Z,01:00:00,"Sin anamnesis",2024-09-18T03:00:00.000Z,"Sin eog","SEXTUPLE Y RABIA",0,0,"Sin referencia","Sin referencia",Administrador,TRUE,TRUE,2024-09-18T03:00:00.000Z,2024-09-18T03:00:00.000Z,2472,1460,2
4699,2025-03-11T03:00:00.000Z,01:00:00,"Sin anamnesis",2025-03-11T03:00:00.000Z,"Sin eog","SEXTUPLE Y RABIA",0,0,"Sin referencia","Sin referencia",Administrador,TRUE,TRUE,2025-03-11T03:00:00.000Z,2025-03-11T03:00:00.000Z,2485,1473,2
4700,2025-03-13T03:00:00.000Z,01:00:00,"Sin anamnesis",2025-03-13T03:00:00.000Z,"Sin eog","SEXTUPLE Y RABIA",0,0,"Sin referencia","Sin referencia",Administrador,TRUE,TRUE,2025-03-13T03:00:00.000Z,2025-03-13T03:00:00.000Z,2495,1483,2
4701,2025-03-13T03:00:00.000Z,01:00:00,"Sin anamnesis",2025-03-13T03:00:00.000Z,"Sin eog","SEXTUPLE Y RABIA",0,0,"Sin referencia","Sin referencia",Administrador,TRUE,TRUE,2025-03-13T03:00:00.000Z,2025-03-13T03:00:00.000Z,397,1483,2
4702,2024-12-18T03:00:00.000Z,01:00:00,"Sin anamnesis",2024-12-18T03:00:00.000Z,"Sin eog","SEXTUPLE Y RABIA",0,0,"Sin referencia","Sin referencia",Administrador,TRUE,TRUE,2024-12-18T03:00:00.000Z,2024-12-18T03:00:00.000Z,2553,1541,2
4703,2024-11-20T03:00:00.000Z,01:00:00,"Sin anamnesis",2024-11-20T03:00:00.000Z,"Sin eog","SEXTUPLE Y RABIA",0,0,"Sin referencia","Sin referencia",Administrador,TRUE,TRUE,2024-11-20T03:00:00.000Z,2024-11-20T03:00:00.000Z,405,1549,2
4704,2025-04-17T03:00:00.000Z,01:00:00,"Sin anamnesis",2025-04-17T03:00:00.000Z,"Sin eog","Rabia y triple",0,0,"Sin referencia","Sin referencia",Administrador,TRUE,TRUE,2025-04-17T03:00:00.000Z,2025-04-17T03:00:00.000Z,5247,1549,2
4705,2025-06-19T03:00:00.000Z,01:00:00,"Sin anamnesis",2025-06-19T03:00:00.000Z,"Sin eog","SEXTUPLE Y RABIA",0,0,"Sin referencia","Sin referencia",Administrador,TRUE,TRUE,2025-06-19T03:00:00.000Z,2025-06-19T03:00:00.000Z,2572,1560,2
4706,2024-12-13T03:00:00.000Z,01:00:00,"Sin anamnesis",2024-12-13T03:00:00.000Z,"Sin eog","SEXTUPLE Y RABIA",0,0,"Sin referencia","Sin referencia",Administrador,TRUE,TRUE,2024-12-13T03:00:00.000Z,2024-12-13T03:00:00.000Z,4144,3135,2
4707,2024-12-26T03:00:00.000Z,01:00:00,"Sin anamnesis",2024-12-26T03:00:00.000Z,"Sin eog","SEXTUPLE Y RABIA",0,0,"Sin referencia","Sin referencia",Administrador,TRUE,TRUE,2024-12-26T03:00:00.000Z,2024-12-26T03:00:00.000Z,4158,3149,2
4708,2025-02-06T03:00:00.000Z,01:00:00,"Sin anamnesis",2025-02-06T03:00:00.000Z,"Sin eog","Rabia y triple",0,0,"Sin referencia","Sin referencia",Administrador,TRUE,TRUE,2025-02-06T03:00:00.000Z,2025-02-06T03:00:00.000Z,4073,3064,2
4709,2024-12-29T03:00:00.000Z,01:00:00,"Sin anamnesis",2024-12-29T03:00:00.000Z,"Sin eog","SEXTUPLE Y RABIA",0,0,"Sin referencia","Sin referencia",Administrador,TRUE,TRUE,2024-12-29T03:00:00.000Z,2024-12-29T03:00:00.000Z,4076,3067,2
4710,2025-02-16T03:00:00.000Z,01:00:00,"Sin anamnesis",2025-02-16T03:00:00.000Z,"Sin eog","SEXTUPLE Y RABIA",0,0,"Sin referencia","Sin referencia",Administrador,TRUE,TRUE,2025-02-16T03:00:00.000Z,2025-02-16T03:00:00.000Z,4112,3103,2
4711,2025-04-02T03:00:00.000Z,01:00:00,"Sin anamnesis",2025-04-02T03:00:00.000Z,"Sin eog","SEXTUPLE Y RABIA",0,0,"Sin referencia","Sin referencia",Administrador,TRUE,TRUE,2025-04-02T03:00:00.000Z,2025-04-02T03:00:00.000Z,4115,3106,2
4712,2025-01-06T03:00:00.000Z,01:00:00,"Sin anamnesis",2025-01-06T03:00:00.000Z,"Sin eog","SEXTUPLE Y RABIA",0,0,"Sin referencia","Sin referencia",Administrador,TRUE,TRUE,2025-01-06T03:00:00.000Z,2025-01-06T03:00:00.000Z,4128,3119,2
4713,2025-01-30T03:00:00.000Z,01:00:00,"Sin anamnesis",2025-01-30T03:00:00.000Z,"Sin eog",Sextuple,0,0,"Sin referencia","Sin referencia",Administrador,TRUE,TRUE,2025-01-30T03:00:00.000Z,2025-01-30T03:00:00.000Z,4136,3127,2
4714,2025-03-05T03:00:00.000Z,01:00:00,"Sin anamnesis",2025-03-05T03:00:00.000Z,"Sin eog","SEXTUPLE Y RABIA",0,0,"Sin referencia","Sin referencia",Administrador,TRUE,TRUE,2025-03-05T03:00:00.000Z,2025-03-05T03:00:00.000Z,4183,3174,2
4715,2025-02-06T03:00:00.000Z,01:00:00,"Sin anamnesis",2025-02-06T03:00:00.000Z,"Sin eog","SEXTUPLE Y RABIA",0,0,"Sin referencia","Sin referencia",Administrador,TRUE,TRUE,2025-02-06T03:00:00.000Z,2025-02-06T03:00:00.000Z,4146,3137,2
4716,2025-04-06T03:00:00.000Z,01:00:00,"Sin anamnesis",2025-04-06T03:00:00.000Z,"Sin eog","SEXTUPLE Y RABIA",0,0,"Sin referencia","Sin referencia",Administrador,TRUE,TRUE,2025-04-06T03:00:00.000Z,2025-04-06T03:00:00.000Z,2583,1571,2
4717,2025-01-19T03:00:00.000Z,01:00:00,"Sin anamnesis",2025-01-19T03:00:00.000Z,"Sin eog","SEXTUPLE Y RABIA",0,0,"Sin referencia","Sin referencia",Administrador,TRUE,TRUE,2025-01-19T03:00:00.000Z,2025-01-19T03:00:00.000Z,4169,3160,2
4718,2024-12-06T03:00:00.000Z,01:00:00,"Sin anamnesis",2024-12-06T03:00:00.000Z,"Sin eog","SEXTUPLE Y RABIA",0,0,"Sin referencia","Sin referencia",Administrador,TRUE,TRUE,2024-12-06T03:00:00.000Z,2024-12-06T03:00:00.000Z,2755,1743,2
4719,2025-05-21T03:00:00.000Z,01:00:00,"Sin anamnesis",2025-05-21T03:00:00.000Z,"Sin eog","SEXTUPLE Y RABIA",0,0,"Sin referencia","Sin referencia",Administrador,TRUE,TRUE,2025-05-21T03:00:00.000Z,2025-05-21T03:00:00.000Z,4195,3186,2
4720,2024-11-30T03:00:00.000Z,01:00:00,"Sin anamnesis",2024-11-30T03:00:00.000Z,"Sin eog","SEXTUPLE Y RABIA",0,0,"Sin referencia","Sin referencia",Administrador,TRUE,TRUE,2024-11-30T03:00:00.000Z,2024-11-30T03:00:00.000Z,2872,1860,2
4721,2025-01-23T03:00:00.000Z,01:00:00,"Sin anamnesis",2025-01-23T03:00:00.000Z,"Sin eog","SEXTUPLE Y RABIA",0,0,"Sin referencia","Sin referencia",Administrador,TRUE,TRUE,2025-01-23T03:00:00.000Z,2025-01-23T03:00:00.000Z,4211,3202,2
4722,2025-06-04T03:00:00.000Z,01:00:00,"Sin anamnesis",2025-06-04T03:00:00.000Z,"Sin eog","SEXTUPLE Y RABIA",0,0,"Sin referencia","Sin referencia",Administrador,TRUE,TRUE,2025-06-04T03:00:00.000Z,2025-06-04T03:00:00.000Z,2605,1593,2
4723,2024-07-19T03:00:00.000Z,01:00:00,"Sin anamnesis",2024-07-19T03:00:00.000Z,"Sin eog","SEXTUPLE Y RABIA",0,0,"Sin referencia","Sin referencia",Administrador,TRUE,TRUE,2024-07-19T03:00:00.000Z,2024-07-19T03:00:00.000Z,2615,1603,2
4724,2025-02-24T03:00:00.000Z,01:00:00,"Sin anamnesis",2025-02-24T03:00:00.000Z,"Sin eog","Rabia y triple",0,0,"Sin referencia","Sin referencia",Administrador,TRUE,TRUE,2025-02-24T03:00:00.000Z,2025-02-24T03:00:00.000Z,4212,3203,2
4725,2025-03-09T03:00:00.000Z,01:00:00,"Sin anamnesis",2025-03-09T03:00:00.000Z,"Sin eog","SEXTUPLE Y RABIA",0,0,"Sin referencia","Sin referencia",Administrador,TRUE,TRUE,2025-03-09T03:00:00.000Z,2025-03-09T03:00:00.000Z,4224,3215,2
4726,2025-03-07T03:00:00.000Z,01:00:00,"Sin anamnesis",2025-03-07T03:00:00.000Z,"Sin eog","SEXTUPLE Y RABIA",0,0,"Sin referencia","Sin referencia",Administrador,TRUE,TRUE,2025-03-07T03:00:00.000Z,2025-03-07T03:00:00.000Z,4227,3218,2
4727,2025-03-21T03:00:00.000Z,01:00:00,"Sin anamnesis",2025-03-21T03:00:00.000Z,"Sin eog","SEXTUPLE Y RABIA",0,0,"Sin referencia","Sin referencia",Administrador,TRUE,TRUE,2025-03-21T03:00:00.000Z,2025-03-21T03:00:00.000Z,4234,3225,2
4728,2025-02-02T03:00:00.000Z,01:00:00,"Sin anamnesis",2025-02-02T03:00:00.000Z,"Sin eog","SEXTUPLE Y RABIA",0,0,"Sin referencia","Sin referencia",Administrador,TRUE,TRUE,2025-02-02T03:00:00.000Z,2025-02-02T03:00:00.000Z,5240017,3463,2
4729,2025-02-05T03:00:00.000Z,01:00:00,"Sin anamnesis",2025-02-05T03:00:00.000Z,"Sin eog","SEXTUPLE Y RABIA",0,0,"Sin referencia","Sin referencia",Administrador,TRUE,TRUE,2025-02-05T03:00:00.000Z,2025-02-05T03:00:00.000Z,5247596,3485,2
4730,2025-04-20T03:00:00.000Z,01:00:00,"Sin anamnesis",2025-04-20T03:00:00.000Z,"Sin eog","SEXTUPLE Y RABIA",0,0,"Sin referencia","Sin referencia",Administrador,TRUE,TRUE,2025-04-20T03:00:00.000Z,2025-04-20T03:00:00.000Z,5255929,3502,2
4731,2025-04-16T03:00:00.000Z,01:00:00,"Sin anamnesis",2025-04-16T03:00:00.000Z,"Sin eog","SEXTUPLE Y RABIA",0,0,"Sin referencia","Sin referencia",Administrador,TRUE,TRUE,2025-04-16T03:00:00.000Z,2025-04-16T03:00:00.000Z,5261686,3518,2
4732,2025-06-04T03:00:00.000Z,01:00:00,"Sin anamnesis",2025-06-04T03:00:00.000Z,"Sin eog",KC,0,0,"Sin referencia","Sin referencia",Administrador,TRUE,TRUE,2025-06-04T03:00:00.000Z,2025-06-04T03:00:00.000Z,5261686,3518,2
4733,2024-12-04T03:00:00.000Z,01:00:00,"Sin anamnesis",2024-12-04T03:00:00.000Z,"Sin eog","Sin tratamiento",0,0,"Sin referencia","Sin referencia",Administrador,TRUE,TRUE,2024-12-04T03:00:00.000Z,2024-12-04T03:00:00.000Z,5261686,3518,2
4734,2025-02-13T03:00:00.000Z,01:00:00,"Sin anamnesis",2025-02-13T03:00:00.000Z,"Sin eog","SEXTUPLE Y RABIA",0,0,"Sin referencia","Sin referencia",Administrador,TRUE,TRUE,2025-02-13T03:00:00.000Z,2025-02-13T03:00:00.000Z,5274368,3568,2
4735,2025-02-15T03:00:00.000Z,01:00:00,"Sin anamnesis",2025-02-15T03:00:00.000Z,"Sin eog","SEXTUPLE Y RABIA",0,0,"Sin referencia","Sin referencia",Administrador,TRUE,TRUE,2025-02-15T03:00:00.000Z,2025-02-15T03:00:00.000Z,5281665,3586,2
4736,2025-02-16T03:00:00.000Z,01:00:00,"Sin anamnesis",2025-02-16T03:00:00.000Z,"Sin eog","SEXTUPLE Y RABIA",0,0,"Sin referencia","Sin referencia",Administrador,TRUE,TRUE,2025-02-16T03:00:00.000Z,2025-02-16T03:00:00.000Z,5283423,3593,2
4737,2025-06-07T03:00:00.000Z,01:00:00,"Sin anamnesis",2025-06-07T03:00:00.000Z,"Sin eog","SEXTUPLE Y RABIA",0,0,"Sin referencia","Sin referencia",Administrador,TRUE,TRUE,2025-06-07T03:00:00.000Z,2025-06-07T03:00:00.000Z,1078,55,2
4738,2025-02-21T03:00:00.000Z,01:00:00,"Sin anamnesis",2025-02-21T03:00:00.000Z,"Sin eog","SEXTUPLE Y RABIA",0,0,"Sin referencia","Sin referencia",Administrador,TRUE,TRUE,2025-02-21T03:00:00.000Z,2025-02-21T03:00:00.000Z,5300808,3609,2
4739,2024-11-23T03:00:00.000Z,01:00:00,"Sin anamnesis",2024-11-23T03:00:00.000Z,"Sin eog","SEXTUPLE Y RABIA",0,0,"Sin referencia","Sin referencia",Administrador,TRUE,TRUE,2024-11-23T03:00:00.000Z,2024-11-23T03:00:00.000Z,2626,1614,2
4740,2025-06-20T03:00:00.000Z,01:00:00,"Sin anamnesis",2025-06-20T03:00:00.000Z,"Sin eog","SEXTUPLE Y RABIA",0,0,"Sin referencia","Sin referencia",Administrador,TRUE,TRUE,2025-06-20T03:00:00.000Z,2025-06-20T03:00:00.000Z,5649893,3618,2
4741,2025-02-05T03:00:00.000Z,01:00:00,"Sin anamnesis",2025-02-05T03:00:00.000Z,"Sin eog","Rabia y triple",0,0,"Sin referencia","Sin referencia",Administrador,TRUE,TRUE,2025-02-05T03:00:00.000Z,2025-02-05T03:00:00.000Z,2637,1625,2
4742,2025-03-04T03:00:00.000Z,01:00:00,"Sin anamnesis",2025-03-04T03:00:00.000Z,"Sin eog","SEXTUPLE Y RABIA",0,0,"Sin referencia","Sin referencia",Administrador,TRUE,TRUE,2025-03-04T03:00:00.000Z,2025-03-04T03:00:00.000Z,5327024,3320,2
4743,2025-04-16T03:00:00.000Z,01:00:00,"Sin anamnesis",2025-04-16T03:00:00.000Z,"Sin eog","SEXTUPLE Y RABIA",0,0,"Sin referencia","Sin referencia",Administrador,TRUE,TRUE,2025-04-16T03:00:00.000Z,2025-04-16T03:00:00.000Z,5328382,3326,2
4744,2025-03-08T03:00:00.000Z,01:00:00,"Sin anamnesis",2025-03-08T03:00:00.000Z,"Sin eog","Rabia y triple",0,0,"Sin referencia","Sin referencia",Administrador,TRUE,TRUE,2025-03-08T03:00:00.000Z,2025-03-08T03:00:00.000Z,5251,1651,2
4745,2025-05-16T03:00:00.000Z,01:00:00,"Sin anamnesis",2025-05-16T03:00:00.000Z,"Sin eog","SEXTUPLE Y RABIA",0,0,"Sin referencia","Sin referencia",Administrador,TRUE,TRUE,2025-05-16T03:00:00.000Z,2025-05-16T03:00:00.000Z,5341229,3663,2
4746,2025-04-05T03:00:00.000Z,01:00:00,"Sin anamnesis",2025-04-05T03:00:00.000Z,"Sin eog","SEXTUPLE Y RABIA",0,0,"Sin referencia","Sin referencia",Administrador,TRUE,TRUE,2025-04-05T03:00:00.000Z,2025-04-05T03:00:00.000Z,2715,1703,2
4747,2024-06-22T03:00:00.000Z,01:00:00,"Sin anamnesis",2024-06-22T03:00:00.000Z,"Sin eog","SEXTUPLE Y RABIA",0,0,"Sin referencia","Sin referencia",Administrador,TRUE,TRUE,2024-06-22T03:00:00.000Z,2024-06-22T03:00:00.000Z,5505212,3682,2
4748,2025-02-14T03:00:00.000Z,01:00:00,"Sin anamnesis",2025-02-14T03:00:00.000Z,"Sin eog","SEXTUPLE Y RABIA",0,0,"Sin referencia","Sin referencia",Administrador,TRUE,TRUE,2025-02-14T03:00:00.000Z,2025-02-14T03:00:00.000Z,2733,1721,2
4749,2025-01-02T03:00:00.000Z,01:00:00,"Sin anamnesis",2025-01-02T03:00:00.000Z,"Sin eog","SEXTUPLE Y RABIA",0,0,"Sin referencia","Sin referencia",Administrador,TRUE,TRUE,2025-01-02T03:00:00.000Z,2025-01-02T03:00:00.000Z,2830,1818,2
4750,2025-04-18T03:00:00.000Z,01:00:00,"Sin anamnesis",2025-04-18T03:00:00.000Z,"Sin eog","Rabia y triple",0,0,"Sin referencia","Sin referencia",Administrador,TRUE,TRUE,2025-04-18T03:00:00.000Z,2025-04-18T03:00:00.000Z,5367117,3688,2
4751,2024-08-24T03:00:00.000Z,01:00:00,"Sin anamnesis",2024-08-24T03:00:00.000Z,"Sin eog","Rabia y triple",0,0,"Sin referencia","Sin referencia",Administrador,TRUE,TRUE,2024-08-24T03:00:00.000Z,2024-08-24T03:00:00.000Z,5579,1680,2
4752,2025-05-04T03:00:00.000Z,01:00:00,"Sin anamnesis",2025-05-04T03:00:00.000Z,"Sin eog",CuÃ¡druple,0,0,"Sin referencia","Sin referencia",Administrador,TRUE,TRUE,2025-05-04T03:00:00.000Z,2025-05-04T03:00:00.000Z,5370367,3699,2
4753,2025-06-13T03:00:00.000Z,01:00:00,"Sin anamnesis",2025-06-13T03:00:00.000Z,"Sin eog","SEXTUPLE Y RABIA",0,0,"Sin referencia","Sin referencia",Administrador,TRUE,TRUE,2025-06-13T03:00:00.000Z,2025-06-13T03:00:00.000Z,2712,1700,2
4754,2025-03-13T03:00:00.000Z,01:00:00,"Sin anamnesis",2025-03-13T03:00:00.000Z,"Sin eog",KC,0,0,"Sin referencia","Sin referencia",Administrador,TRUE,TRUE,2025-03-13T03:00:00.000Z,2025-03-13T03:00:00.000Z,5372845,3706,2
4755,2025-06-13T03:00:00.000Z,01:00:00,"Sin anamnesis",2025-06-13T03:00:00.000Z,"Sin eog","SEXTUPLE Y RABIA",0,0,"Sin referencia","Sin referencia",Administrador,TRUE,TRUE,2025-06-13T03:00:00.000Z,2025-06-13T03:00:00.000Z,433,1700,2
4756,2025-04-24T03:00:00.000Z,01:00:00,"Sin anamnesis",2025-04-24T03:00:00.000Z,"Sin eog","SEXTUPLE Y RABIA",0,0,"Sin referencia","Sin referencia",Administrador,TRUE,TRUE,2025-04-24T03:00:00.000Z,2025-04-24T03:00:00.000Z,2943,1931,2
4757,2025-06-13T03:00:00.000Z,01:00:00,"Sin anamnesis",2025-06-13T03:00:00.000Z,"Sin eog","Rabia y triple",0,0,"Sin referencia","Sin referencia",Administrador,TRUE,TRUE,2025-06-13T03:00:00.000Z,2025-06-13T03:00:00.000Z,5555047,3708,2
4758,2025-05-16T03:00:00.000Z,01:00:00,"Sin anamnesis",2025-05-16T03:00:00.000Z,"Sin eog","SEXTUPLE Y RABIA",0,0,"Sin referencia","Sin referencia",Administrador,TRUE,TRUE,2025-05-16T03:00:00.000Z,2025-05-16T03:00:00.000Z,5391595,3715,2
4759,2025-06-13T03:00:00.000Z,01:00:00,"Sin anamnesis",2025-06-13T03:00:00.000Z,"Sin eog","SEXTUPLE Y RABIA",0,0,"Sin referencia","Sin referencia",Administrador,TRUE,TRUE,2025-06-13T03:00:00.000Z,2025-06-13T03:00:00.000Z,5416209,3736,2
4760,2024-06-30T03:00:00.000Z,01:00:00,"Sin anamnesis",2024-06-30T03:00:00.000Z,"Sin eog","Sin tratamiento",0,0,"Sin referencia","Sin referencia",Administrador,TRUE,TRUE,2024-06-30T03:00:00.000Z,2024-06-30T03:00:00.000Z,5427470,3746,2
4761,2025-06-11T03:00:00.000Z,01:00:00,"Sin anamnesis",2025-06-11T03:00:00.000Z,"Sin eog","SEXTUPLE Y RABIA",0,0,"Sin referencia","Sin referencia",Administrador,TRUE,TRUE,2025-06-11T03:00:00.000Z,2025-06-11T03:00:00.000Z,5471634,3777,2
4762,2025-04-16T03:00:00.000Z,01:00:00,"Sin anamnesis",2025-04-16T03:00:00.000Z,"Sin eog",Rabia,0,0,"Sin referencia","Sin referencia",Administrador,TRUE,TRUE,2025-04-16T03:00:00.000Z,2025-04-16T03:00:00.000Z,5473588,3778,2
4763,2025-04-23T03:00:00.000Z,01:00:00,"Sin anamnesis",2025-04-23T03:00:00.000Z,"Sin eog","SEXTUPLE Y RABIA",0,0,"Sin referencia","Sin referencia",Administrador,TRUE,TRUE,2025-04-23T03:00:00.000Z,2025-04-23T03:00:00.000Z,5486574,3790,2
4764,2024-07-05T03:00:00.000Z,01:00:00,"Sin anamnesis",2024-07-05T03:00:00.000Z,"Sin eog",CuÃ¡druple,0,0,"Sin referencia","Sin referencia",Administrador,TRUE,TRUE,2024-07-05T03:00:00.000Z,2024-07-05T03:00:00.000Z,5501589,3798,2
4765,2025-05-02T03:00:00.000Z,01:00:00,"Sin anamnesis",2025-05-02T03:00:00.000Z,"Sin eog","Rabia y triple",0,0,"Sin referencia","Sin referencia",Administrador,TRUE,TRUE,2025-05-02T03:00:00.000Z,2025-05-02T03:00:00.000Z,5514974,3812,2
4766,2025-06-20T03:00:00.000Z,01:00:00,"Sin anamnesis",2025-06-20T03:00:00.000Z,"Sin eog","SEXTUPLE Y RABIA",0,0,"Sin referencia","Sin referencia",Administrador,TRUE,TRUE,2025-06-20T03:00:00.000Z,2025-06-20T03:00:00.000Z,5516902,3816,2
4767,2025-05-05T03:00:00.000Z,01:00:00,"Sin anamnesis",2025-05-05T03:00:00.000Z,"Sin eog","SEXTUPLE Y RABIA",0,0,"Sin referencia","Sin referencia",Administrador,TRUE,TRUE,2025-05-05T03:00:00.000Z,2025-05-05T03:00:00.000Z,5522320,3624,2
4768,2025-05-09T03:00:00.000Z,01:00:00,"Sin anamnesis",2025-05-09T03:00:00.000Z,"Sin eog","SEXTUPLE Y RABIA",0,0,"Sin referencia","Sin referencia",Administrador,TRUE,TRUE,2025-05-09T03:00:00.000Z,2025-05-09T03:00:00.000Z,5535166,3630,2
4769,2025-01-08T03:00:00.000Z,01:00:00,"Sin anamnesis",2025-01-08T03:00:00.000Z,"Sin eog",Sextuple,0,0,"Sin referencia","Sin referencia",Administrador,TRUE,TRUE,2025-01-08T03:00:00.000Z,2025-01-08T03:00:00.000Z,2865,1853,2
4770,2024-08-16T03:00:00.000Z,01:00:00,"Sin anamnesis",2024-08-16T03:00:00.000Z,"Sin eog","Sin tratamiento",0,0,"Sin referencia","Sin referencia",Administrador,TRUE,TRUE,2024-08-16T03:00:00.000Z,2024-08-16T03:00:00.000Z,5535166,3630,2
4771,2024-09-15T03:00:00.000Z,01:00:00,"Sin anamnesis",2024-09-15T03:00:00.000Z,"Sin eog","SEXTUPLE Y RABIA",0,0,"Sin referencia","Sin referencia",Administrador,TRUE,TRUE,2024-09-15T03:00:00.000Z,2024-09-15T03:00:00.000Z,5265,1894,2
4772,2025-06-13T03:00:00.000Z,01:00:00,"Sin anamnesis",2025-06-13T03:00:00.000Z,"Sin eog","Rabia y triple",0,0,"Sin referencia","Sin referencia",Administrador,TRUE,TRUE,2025-06-13T03:00:00.000Z,2025-06-13T03:00:00.000Z,5555057,3638,2
4773,2024-06-29T03:00:00.000Z,01:00:00,"Sin anamnesis",2024-06-29T03:00:00.000Z,"Sin eog",Sextuple,0,0,"Sin referencia","Sin referencia",Administrador,TRUE,TRUE,2024-06-29T03:00:00.000Z,2024-06-29T03:00:00.000Z,5559703,3641,2
4774,2025-05-22T03:00:00.000Z,01:00:00,"Sin anamnesis",2025-05-22T03:00:00.000Z,"Sin eog","Rabia y triple",0,0,"Sin referencia","Sin referencia",Administrador,TRUE,TRUE,2025-05-22T03:00:00.000Z,2025-05-22T03:00:00.000Z,5571260,3651,2
4775,2025-05-22T03:00:00.000Z,01:00:00,"Sin anamnesis",2025-05-22T03:00:00.000Z,"Sin eog","Rabia y triple",0,0,"Sin referencia","Sin referencia",Administrador,TRUE,TRUE,2025-05-22T03:00:00.000Z,2025-05-22T03:00:00.000Z,5571316,3651,2
4776,2025-05-25T03:00:00.000Z,01:00:00,"Sin anamnesis",2025-05-25T03:00:00.000Z,"Sin eog","Rabia y triple",0,0,"Sin referencia","Sin referencia",Administrador,TRUE,TRUE,2025-05-25T03:00:00.000Z,2025-05-25T03:00:00.000Z,5578759,3655,2
4777,2025-06-11T03:00:00.000Z,01:00:00,"Sin anamnesis",2025-06-11T03:00:00.000Z,"Sin eog",CuÃ¡druple,0,0,"Sin referencia","Sin referencia",Administrador,TRUE,TRUE,2025-06-11T03:00:00.000Z,2025-06-11T03:00:00.000Z,5596969,3681,2
4778,2024-07-09T03:00:00.000Z,01:00:00,"Sin anamnesis",2024-07-09T03:00:00.000Z,"Sin eog",CuÃ¡druple,0,0,"Sin referencia","Sin referencia",Administrador,TRUE,TRUE,2024-07-09T03:00:00.000Z,2024-07-09T03:00:00.000Z,5643107,3683,2
4779,2025-06-04T03:00:00.000Z,01:00:00,"Sin anamnesis",2025-06-04T03:00:00.000Z,"Sin eog","SEXTUPLE Y RABIA",0,0,"Sin referencia","Sin referencia",Administrador,TRUE,TRUE,2025-06-04T03:00:00.000Z,2025-06-04T03:00:00.000Z,5605098,3689,2
4780,2025-06-08T03:00:00.000Z,01:00:00,"Sin anamnesis",2025-06-08T03:00:00.000Z,"Sin eog","SEXTUPLE Y RABIA",0,0,"Sin referencia","Sin referencia",Administrador,TRUE,TRUE,2025-06-08T03:00:00.000Z,2025-06-08T03:00:00.000Z,5616797,3705,2
4781,2024-06-29T03:00:00.000Z,01:00:00,"Sin anamnesis",2024-06-29T03:00:00.000Z,"Sin eog",CuÃ¡druple,0,0,"Sin referencia","Sin referencia",Administrador,TRUE,TRUE,2024-06-29T03:00:00.000Z,2024-06-29T03:00:00.000Z,5641430,3752,2
4782,2024-09-15T03:00:00.000Z,01:00:00,"Sin anamnesis",2024-09-15T03:00:00.000Z,"Sin eog","SEXTUPLE Y RABIA",0,0,"Sin referencia","Sin referencia",Administrador,TRUE,TRUE,2024-09-15T03:00:00.000Z,2024-09-15T03:00:00.000Z,5533,1894,2
4783,2024-09-15T03:00:00.000Z,01:00:00,"Sin anamnesis",2024-09-15T03:00:00.000Z,"Sin eog","SEXTUPLE Y RABIA",0,0,"Sin referencia","Sin referencia",Administrador,TRUE,TRUE,2024-09-15T03:00:00.000Z,2024-09-15T03:00:00.000Z,5580,1894,2
4784,2025-01-09T03:00:00.000Z,01:00:00,"Sin anamnesis",2025-01-09T03:00:00.000Z,"Sin eog","SEXTUPLE Y RABIA",0,0,"Sin referencia","Sin referencia",Administrador,TRUE,TRUE,2025-01-09T03:00:00.000Z,2025-01-09T03:00:00.000Z,464,1921,2
4785,2024-06-21T03:00:00.000Z,01:00:00,"Sin anamnesis",2024-06-21T03:00:00.000Z,"Sin eog","SEXTUPLE Y RABIA",0,0,"Sin referencia","Sin referencia",Administrador,TRUE,TRUE,2024-06-21T03:00:00.000Z,2024-06-21T03:00:00.000Z,3001,1989,2
4786,2025-06-20T03:00:00.000Z,01:00:00,"Sin anamnesis",2025-06-20T03:00:00.000Z,"Sin eog","SEXTUPLE Y RABIA",0,0,"Sin referencia","Sin referencia",Administrador,TRUE,TRUE,2025-06-20T03:00:00.000Z,2025-06-20T03:00:00.000Z,3001,1989,2
4787,2024-06-28T03:00:00.000Z,01:00:00,"Sin anamnesis",2024-06-28T03:00:00.000Z,"Sin eog",KC,0,0,"Sin referencia","Sin referencia",Administrador,TRUE,TRUE,2024-06-28T03:00:00.000Z,2024-06-28T03:00:00.000Z,2887,1875,2
4788,2025-04-03T03:00:00.000Z,01:00:00,"Sin anamnesis",2025-04-03T03:00:00.000Z,"Sin eog","SEXTUPLE Y RABIA",0,0,"Sin referencia","Sin referencia",Administrador,TRUE,TRUE,2025-04-03T03:00:00.000Z,2025-04-03T03:00:00.000Z,2887,1875,2
4789,2024-08-28T03:00:00.000Z,01:00:00,"Sin anamnesis",2024-08-28T03:00:00.000Z,"Sin eog","SEXTUPLE Y RABIA",0,0,"Sin referencia","Sin referencia",Administrador,TRUE,TRUE,2024-08-28T03:00:00.000Z,2024-08-28T03:00:00.000Z,2946,1934,2
4790,2024-06-28T03:00:00.000Z,01:00:00,"Sin anamnesis",2024-06-28T03:00:00.000Z,"Sin eog","SEXTUPLE Y RABIA",0,0,"Sin referencia","Sin referencia",Administrador,TRUE,TRUE,2024-06-28T03:00:00.000Z,2024-06-28T03:00:00.000Z,1078,55,2
4791,2024-12-07T03:00:00.000Z,01:00:00,"Sin anamnesis",2024-12-07T03:00:00.000Z,"Sin eog","SEXTUPLE Y RABIA",0,0,"Sin referencia","Sin referencia",Administrador,TRUE,TRUE,2024-12-07T03:00:00.000Z,2024-12-07T03:00:00.000Z,2966,1954,2
4792,2024-08-02T03:00:00.000Z,01:00:00,"Sin anamnesis",2024-08-02T03:00:00.000Z,"Sin eog","SEXTUPLE Y RABIA",0,0,"Sin referencia","Sin referencia",Administrador,TRUE,TRUE,2024-08-02T03:00:00.000Z,2024-08-02T03:00:00.000Z,5270,2003,2
4793,2025-02-08T03:00:00.000Z,01:00:00,"Sin anamnesis",2025-02-08T03:00:00.000Z,"Sin eog","SEXTUPLE Y RABIA",0,0,"Sin referencia","Sin referencia",Administrador,TRUE,TRUE,2025-02-08T03:00:00.000Z,2025-02-08T03:00:00.000Z,3051,2039,2
4794,2025-02-10T03:00:00.000Z,01:00:00,"Sin anamnesis",2025-02-10T03:00:00.000Z,"Sin eog","SEXTUPLE Y RABIA",0,0,"Sin referencia","Sin referencia",Administrador,TRUE,TRUE,2025-02-10T03:00:00.000Z,2025-02-10T03:00:00.000Z,493,2039,2
4795,2024-08-21T03:00:00.000Z,01:00:00,"Sin anamnesis",2024-08-21T03:00:00.000Z,"Sin eog","SEXTUPLE Y RABIA",0,0,"Sin referencia","Sin referencia",Administrador,TRUE,TRUE,2024-08-21T03:00:00.000Z,2024-08-21T03:00:00.000Z,3118,2106,2
4796,2024-11-18T03:00:00.000Z,01:00:00,"Sin anamnesis",2024-11-18T03:00:00.000Z,"Sin eog","SEXTUPLE Y RABIA",0,0,"Sin referencia","Sin referencia",Administrador,TRUE,TRUE,2024-11-18T03:00:00.000Z,2024-11-18T03:00:00.000Z,3093,2081,2
4797,2024-06-24T03:00:00.000Z,01:00:00,"Sin anamnesis",2024-06-24T03:00:00.000Z,"Sin eog","SEXTUPLE Y RABIA",0,0,"Sin referencia","Sin referencia",Administrador,TRUE,TRUE,2024-06-24T03:00:00.000Z,2024-06-24T03:00:00.000Z,3104,2092,2
4798,2024-09-07T03:00:00.000Z,01:00:00,"Sin anamnesis",2024-09-07T03:00:00.000Z,"Sin eog","SEXTUPLE Y RABIA",0,0,"Sin referencia","Sin referencia",Administrador,TRUE,TRUE,2024-09-07T03:00:00.000Z,2024-09-07T03:00:00.000Z,3109,2097,2
4799,2024-10-02T03:00:00.000Z,01:00:00,"Sin anamnesis",2024-10-02T03:00:00.000Z,"Sin eog",KC,0,0,"Sin referencia","Sin referencia",Administrador,TRUE,TRUE,2024-10-02T03:00:00.000Z,2024-10-02T03:00:00.000Z,3153,2141,2
4800,2024-10-14T03:00:00.000Z,01:00:00,"Sin anamnesis",2024-10-14T03:00:00.000Z,"Sin eog","SEXTUPLE Y RABIA",0,0,"Sin referencia","Sin referencia",Administrador,TRUE,TRUE,2024-10-14T03:00:00.000Z,2024-10-14T03:00:00.000Z,3164,2152,2
4801,2024-10-14T03:00:00.000Z,01:00:00,"Sin anamnesis",2024-10-14T03:00:00.000Z,"Sin eog","SEXTUPLE Y RABIA",0,0,"Sin referencia","Sin referencia",Administrador,TRUE,TRUE,2024-10-14T03:00:00.000Z,2024-10-14T03:00:00.000Z,5276,2152,2
4802,2024-07-31T03:00:00.000Z,01:00:00,"Sin anamnesis",2024-07-31T03:00:00.000Z,"Sin eog","SEXTUPLE Y RABIA",0,0,"Sin referencia","Sin referencia",Administrador,TRUE,TRUE,2024-07-31T03:00:00.000Z,2024-07-31T03:00:00.000Z,3173,2161,2
4803,2024-06-30T03:00:00.000Z,01:00:00,"Sin anamnesis",2024-06-30T03:00:00.000Z,"Sin eog","SEXTUPLE Y RABIA",0,0,"Sin referencia","Sin referencia",Administrador,TRUE,TRUE,2024-06-30T03:00:00.000Z,2024-06-30T03:00:00.000Z,3204,2192,2
4804,2024-11-11T03:00:00.000Z,01:00:00,"Sin anamnesis",2024-11-11T03:00:00.000Z,"Sin eog","SEXTUPLE Y RABIA",0,0,"Sin referencia","Sin referencia",Administrador,TRUE,TRUE,2024-11-11T03:00:00.000Z,2024-11-11T03:00:00.000Z,519,2200,2
4805,2024-11-03T03:00:00.000Z,01:00:00,"Sin anamnesis",2024-11-03T03:00:00.000Z,"Sin eog","Rabia y triple",0,0,"Sin referencia","Sin referencia",Administrador,TRUE,TRUE,2024-11-03T03:00:00.000Z,2024-11-03T03:00:00.000Z,483,2009,2
4806,2024-09-19T03:00:00.000Z,01:00:00,"Sin anamnesis",2024-09-19T03:00:00.000Z,"Sin eog","Rabia y triple",0,0,"Sin referencia","Sin referencia",Administrador,TRUE,TRUE,2024-09-19T03:00:00.000Z,2024-09-19T03:00:00.000Z,5271,2009,2
4807,2024-07-14T03:00:00.000Z,01:00:00,"Sin anamnesis",2024-07-14T03:00:00.000Z,"Sin eog","SEXTUPLE Y RABIA",0,0,"Sin referencia","Sin referencia",Administrador,TRUE,TRUE,2024-07-14T03:00:00.000Z,2024-07-14T03:00:00.000Z,3037,2025,2
4808,2024-12-08T03:00:00.000Z,01:00:00,"Sin anamnesis",2024-12-08T03:00:00.000Z,"Sin eog",CuÃ¡druple,0,0,"Sin referencia","Sin referencia",Administrador,TRUE,TRUE,2024-12-08T03:00:00.000Z,2024-12-08T03:00:00.000Z,617,2989,2
4809,2024-08-04T03:00:00.000Z,01:00:00,"Sin anamnesis",2024-08-04T03:00:00.000Z,"Sin eog",Sextuple,0,0,"Sin referencia","Sin referencia",Administrador,TRUE,TRUE,2024-08-04T03:00:00.000Z,2024-08-04T03:00:00.000Z,4050,3041,2
4810,2024-08-23T03:00:00.000Z,01:00:00,"Sin anamnesis",2024-08-23T03:00:00.000Z,"Sin eog","SEXTUPLE Y RABIA",0,0,"Sin referencia","Sin referencia",Administrador,TRUE,TRUE,2024-08-23T03:00:00.000Z,2024-08-23T03:00:00.000Z,622,3041,2
4811,2024-09-09T03:00:00.000Z,01:00:00,"Sin anamnesis",2024-09-09T03:00:00.000Z,"Sin eog","Sin tratamiento",0,0,"Sin referencia","Sin referencia",Administrador,TRUE,TRUE,2024-09-09T03:00:00.000Z,2024-09-09T03:00:00.000Z,622,3041,2
4812,2024-12-13T03:00:00.000Z,01:00:00,"Sin anamnesis",2024-12-13T03:00:00.000Z,"Sin eog","SEXTUPLE Y RABIA",0,0,"Sin referencia","Sin referencia",Administrador,TRUE,TRUE,2024-12-13T03:00:00.000Z,2024-12-13T03:00:00.000Z,4061,3052,2
4813,2024-09-28T03:00:00.000Z,01:00:00,"Sin anamnesis",2024-09-28T03:00:00.000Z,"Sin eog","SEXTUPLE Y RABIA",0,0,"Sin referencia","Sin referencia",Administrador,TRUE,TRUE,2024-09-28T03:00:00.000Z,2024-09-28T03:00:00.000Z,4067,3058,2
4814,2024-11-17T03:00:00.000Z,01:00:00,"Sin anamnesis",2024-11-17T03:00:00.000Z,"Sin eog","Rabia y triple",0,0,"Sin referencia","Sin referencia",Administrador,TRUE,TRUE,2024-11-17T03:00:00.000Z,2024-11-17T03:00:00.000Z,4082,3073,2
4815,2024-07-07T03:00:00.000Z,01:00:00,"Sin anamnesis",2024-07-07T03:00:00.000Z,"Sin eog","SEXTUPLE Y RABIA",0,0,"Sin referencia","Sin referencia",Administrador,TRUE,TRUE,2024-07-07T03:00:00.000Z,2024-07-07T03:00:00.000Z,4096,3087,2
4816,2024-08-30T03:00:00.000Z,01:00:00,"Sin anamnesis",2024-08-30T03:00:00.000Z,"Sin eog","SEXTUPLE Y RABIA",0,0,"Sin referencia","Sin referencia",Administrador,TRUE,TRUE,2024-08-30T03:00:00.000Z,2024-08-30T03:00:00.000Z,3094,2082,2
4817,2024-10-07T03:00:00.000Z,01:00:00,"Sin anamnesis",2024-10-07T03:00:00.000Z,"Sin eog","Rabia y triple",0,0,"Sin referencia","Sin referencia",Administrador,TRUE,TRUE,2024-10-07T03:00:00.000Z,2024-10-07T03:00:00.000Z,500,2093,2
4818,2024-12-07T03:00:00.000Z,01:00:00,"Sin anamnesis",2024-12-07T03:00:00.000Z,"Sin eog","SEXTUPLE Y RABIA",0,0,"Sin referencia","Sin referencia",Administrador,TRUE,TRUE,2024-12-07T03:00:00.000Z,2024-12-07T03:00:00.000Z,3241,2229,2
4819,2025-04-25T03:00:00.000Z,01:00:00,"Sin anamnesis",2025-04-25T03:00:00.000Z,"Sin eog","SEXTUPLE Y RABIA",0,0,"Sin referencia","Sin referencia",Administrador,TRUE,TRUE,2025-04-25T03:00:00.000Z,2025-04-25T03:00:00.000Z,3150,2138,2
4820,2025-05-02T03:00:00.000Z,01:00:00,"Sin anamnesis",2025-05-02T03:00:00.000Z,"Sin eog","SEXTUPLE Y RABIA",0,0,"Sin referencia","Sin referencia",Administrador,TRUE,TRUE,2025-05-02T03:00:00.000Z,2025-05-02T03:00:00.000Z,3179,2167,2
4821,2025-05-02T03:00:00.000Z,01:00:00,"Sin anamnesis",2025-05-02T03:00:00.000Z,"Sin eog","SEXTUPLE Y RABIA",0,0,"Sin referencia","Sin referencia",Administrador,TRUE,TRUE,2025-05-02T03:00:00.000Z,2025-05-02T03:00:00.000Z,512,2167,2
4822,2024-11-10T03:00:00.000Z,01:00:00,"Sin anamnesis",2024-11-10T03:00:00.000Z,"Sin eog","SEXTUPLE Y RABIA",0,0,"Sin referencia","Sin referencia",Administrador,TRUE,TRUE,2024-11-10T03:00:00.000Z,2024-11-10T03:00:00.000Z,3228,2216,2
4823,2024-11-16T03:00:00.000Z,01:00:00,"Sin anamnesis",2024-11-16T03:00:00.000Z,"Sin eog","SEXTUPLE Y RABIA",0,0,"Sin referencia","Sin referencia",Administrador,TRUE,TRUE,2024-11-16T03:00:00.000Z,2024-11-16T03:00:00.000Z,3236,2224,2
4824,2024-12-14T03:00:00.000Z,01:00:00,"Sin anamnesis",2024-12-14T03:00:00.000Z,"Sin eog","SEXTUPLE Y RABIA",0,0,"Sin referencia","Sin referencia",Administrador,TRUE,TRUE,2024-12-14T03:00:00.000Z,2024-12-14T03:00:00.000Z,3232,2220,2
4825,2024-12-23T03:00:00.000Z,01:00:00,"Sin anamnesis",2024-12-23T03:00:00.000Z,"Sin eog","SEXTUPLE Y RABIA",0,0,"Sin referencia","Sin referencia",Administrador,TRUE,TRUE,2024-12-23T03:00:00.000Z,2024-12-23T03:00:00.000Z,3239,2227,2
4826,2024-12-14T03:00:00.000Z,01:00:00,"Sin anamnesis",2024-12-14T03:00:00.000Z,"Sin eog","SEXTUPLE Y RABIA",0,0,"Sin referencia","Sin referencia",Administrador,TRUE,TRUE,2024-12-14T03:00:00.000Z,2024-12-14T03:00:00.000Z,3252,2240,2
4827,2024-11-14T03:00:00.000Z,01:00:00,"Sin anamnesis",2024-11-14T03:00:00.000Z,"Sin eog","SEXTUPLE Y RABIA",0,0,"Sin referencia","Sin referencia",Administrador,TRUE,TRUE,2024-11-14T03:00:00.000Z,2024-11-14T03:00:00.000Z,530,2240,2
4828,2024-06-21T03:00:00.000Z,01:00:00,"Sin anamnesis",2024-06-21T03:00:00.000Z,"Sin eog","SEXTUPLE Y RABIA",0,0,"Sin referencia","Sin referencia",Administrador,TRUE,TRUE,2024-06-21T03:00:00.000Z,2024-06-21T03:00:00.000Z,3339,2327,2
4829,2024-09-08T03:00:00.000Z,01:00:00,"Sin anamnesis",2024-09-08T03:00:00.000Z,"Sin eog","SEXTUPLE Y RABIA",0,0,"Sin referencia","Sin referencia",Administrador,TRUE,TRUE,2024-09-08T03:00:00.000Z,2024-09-08T03:00:00.000Z,5285,2434,2
4830,2024-09-08T03:00:00.000Z,01:00:00,"Sin anamnesis",2024-09-08T03:00:00.000Z,"Sin eog","SEXTUPLE Y RABIA",0,0,"Sin referencia","Sin referencia",Administrador,TRUE,TRUE,2024-09-08T03:00:00.000Z,2024-09-08T03:00:00.000Z,5440,2434,2
4831,2025-01-30T03:00:00.000Z,01:00:00,"Sin anamnesis",2025-01-30T03:00:00.000Z,"Sin eog","Rabia y triple",0,0,"Sin referencia","Sin referencia",Administrador,TRUE,TRUE,2025-01-30T03:00:00.000Z,2025-01-30T03:00:00.000Z,3269,2257,2
4832,2025-03-02T03:00:00.000Z,01:00:00,"Sin anamnesis",2025-03-02T03:00:00.000Z,"Sin eog","Rabia y triple",0,0,"Sin referencia","Sin referencia",Administrador,TRUE,TRUE,2025-03-02T03:00:00.000Z,2025-03-02T03:00:00.000Z,535,2269,2
4833,2024-12-28T03:00:00.000Z,01:00:00,"Sin anamnesis",2024-12-28T03:00:00.000Z,"Sin eog","SEXTUPLE Y RABIA",0,0,"Sin referencia","Sin referencia",Administrador,TRUE,TRUE,2024-12-28T03:00:00.000Z,2024-12-28T03:00:00.000Z,3288,2276,2
4834,2024-11-24T03:00:00.000Z,01:00:00,"Sin anamnesis",2024-11-24T03:00:00.000Z,"Sin eog","SEXTUPLE Y RABIA",0,0,"Sin referencia","Sin referencia",Administrador,TRUE,TRUE,2024-11-24T03:00:00.000Z,2024-11-24T03:00:00.000Z,3302,2290,2
4835,2024-06-21T03:00:00.000Z,01:00:00,"Sin anamnesis",2024-06-21T03:00:00.000Z,"Sin eog",Sextuple,0,0,"Sin referencia","Sin referencia",Administrador,TRUE,TRUE,2024-06-21T03:00:00.000Z,2024-06-21T03:00:00.000Z,1078,55,2
4836,2025-06-08T03:00:00.000Z,01:00:00,"Sin anamnesis",2025-06-08T03:00:00.000Z,"Sin eog","SEXTUPLE Y RABIA",0,0,"Sin referencia","Sin referencia",Administrador,TRUE,TRUE,2025-06-08T03:00:00.000Z,2025-06-08T03:00:00.000Z,545,2384,2
4837,2024-10-07T03:00:00.000Z,01:00:00,"Sin anamnesis",2024-10-07T03:00:00.000Z,"Sin eog","SEXTUPLE Y RABIA",0,0,"Sin referencia","Sin referencia",Administrador,TRUE,TRUE,2024-10-07T03:00:00.000Z,2024-10-07T03:00:00.000Z,548,2406,2
4838,2024-07-14T03:00:00.000Z,01:00:00,"Sin anamnesis",2024-07-14T03:00:00.000Z,"Sin eog","SEXTUPLE Y RABIA",0,0,"Sin referencia","Sin referencia",Administrador,TRUE,TRUE,2024-07-14T03:00:00.000Z,2024-07-14T03:00:00.000Z,546,2397,2
4839,2024-07-14T03:00:00.000Z,01:00:00,"Sin anamnesis",2024-07-14T03:00:00.000Z,"Sin eog",KC,0,0,"Sin referencia","Sin referencia",Administrador,TRUE,TRUE,2024-07-14T03:00:00.000Z,2024-07-14T03:00:00.000Z,546,2397,2
4840,2024-07-14T03:00:00.000Z,01:00:00,"Sin anamnesis",2024-07-14T03:00:00.000Z,"Sin eog","SEXTUPLE Y RABIA",0,0,"Sin referencia","Sin referencia",Administrador,TRUE,TRUE,2024-07-14T03:00:00.000Z,2024-07-14T03:00:00.000Z,5283,2397,2
4841,2024-07-14T03:00:00.000Z,01:00:00,"Sin anamnesis",2024-07-14T03:00:00.000Z,"Sin eog",KC,0,0,"Sin referencia","Sin referencia",Administrador,TRUE,TRUE,2024-07-14T03:00:00.000Z,2024-07-14T03:00:00.000Z,5283,2397,2
4842,2025-03-30T03:00:00.000Z,01:00:00,"Sin anamnesis",2025-03-30T03:00:00.000Z,"Sin eog","SEXTUPLE Y RABIA",0,0,"Sin referencia","Sin referencia",Administrador,TRUE,TRUE,2025-03-30T03:00:00.000Z,2025-03-30T03:00:00.000Z,3411,2399,2
4843,2024-06-30T03:00:00.000Z,01:00:00,"Sin anamnesis",2024-06-30T03:00:00.000Z,"Sin eog","Sin tratamiento",0,0,"Sin referencia","Sin referencia",Administrador,TRUE,TRUE,2024-06-30T03:00:00.000Z,2024-06-30T03:00:00.000Z,3411,2399,2
4844,2024-09-13T03:00:00.000Z,01:00:00,"Sin anamnesis",2024-09-13T03:00:00.000Z,"Sin eog","SEXTUPLE Y RABIA",0,0,"Sin referencia","Sin referencia",Administrador,TRUE,TRUE,2024-09-13T03:00:00.000Z,2024-09-13T03:00:00.000Z,3435,2423,2
4845,2024-12-19T03:00:00.000Z,01:00:00,"Sin anamnesis",2024-12-19T03:00:00.000Z,"Sin eog","SEXTUPLE Y RABIA",0,0,"Sin referencia","Sin referencia",Administrador,TRUE,TRUE,2024-12-19T03:00:00.000Z,2024-12-19T03:00:00.000Z,5286,2476,2
4846,2024-09-26T03:00:00.000Z,01:00:00,"Sin anamnesis",2024-09-26T03:00:00.000Z,"Sin eog","SEXTUPLE Y RABIA",0,0,"Sin referencia","Sin referencia",Administrador,TRUE,TRUE,2024-09-26T03:00:00.000Z,2024-09-26T03:00:00.000Z,3430,2418,2
4847,2024-10-17T03:00:00.000Z,01:00:00,"Sin anamnesis",2024-10-17T03:00:00.000Z,"Sin eog","SEXTUPLE Y RABIA",0,0,"Sin referencia","Sin referencia",Administrador,TRUE,TRUE,2024-10-17T03:00:00.000Z,2024-10-17T03:00:00.000Z,3474,2462,2
4848,2025-05-04T03:00:00.000Z,01:00:00,"Sin anamnesis",2025-05-04T03:00:00.000Z,"Sin eog","SEXTUPLE Y RABIA",0,0,"Sin referencia","Sin referencia",Administrador,TRUE,TRUE,2025-05-04T03:00:00.000Z,2025-05-04T03:00:00.000Z,562,2523,2
4849,2024-08-24T03:00:00.000Z,01:00:00,"Sin anamnesis",2024-08-24T03:00:00.000Z,"Sin eog","SEXTUPLE Y RABIA",0,0,"Sin referencia","Sin referencia",Administrador,TRUE,TRUE,2024-08-24T03:00:00.000Z,2024-08-24T03:00:00.000Z,3542,2530,2
4850,2025-06-17T03:00:00.000Z,01:00:00,"Sin anamnesis",2025-06-17T03:00:00.000Z,"Sin eog","SEXTUPLE Y RABIA",0,0,"Sin referencia","Sin referencia",Administrador,TRUE,TRUE,2025-06-17T03:00:00.000Z,2025-06-17T03:00:00.000Z,3542,2530,2
4851,2024-08-24T03:00:00.000Z,01:00:00,"Sin anamnesis",2024-08-24T03:00:00.000Z,"Sin eog","SEXTUPLE Y RABIA",0,0,"Sin referencia","Sin referencia",Administrador,TRUE,TRUE,2024-08-24T03:00:00.000Z,2024-08-24T03:00:00.000Z,564,2530,2
4852,2024-12-15T03:00:00.000Z,01:00:00,"Sin anamnesis",2024-12-15T03:00:00.000Z,"Sin eog","SEXTUPLE Y RABIA",0,0,"Sin referencia","Sin referencia",Administrador,TRUE,TRUE,2024-12-15T03:00:00.000Z,2024-12-15T03:00:00.000Z,3626,2614,2
4853,2024-08-10T03:00:00.000Z,01:00:00,"Sin anamnesis",2024-08-10T03:00:00.000Z,"Sin eog","Sin tratamiento",0,0,"Sin referencia","Sin referencia",Administrador,TRUE,TRUE,2024-08-10T03:00:00.000Z,2024-08-10T03:00:00.000Z,1078,55,2
4854,2025-02-28T03:00:00.000Z,01:00:00,"Sin anamnesis",2025-02-28T03:00:00.000Z,"Sin eog","SEXTUPLE Y RABIA",0,0,"Sin referencia","Sin referencia",Administrador,TRUE,TRUE,2025-02-28T03:00:00.000Z,2025-02-28T03:00:00.000Z,576,2628,2
4855,2025-01-28T03:00:00.000Z,01:00:00,"Sin anamnesis",2025-01-28T03:00:00.000Z,"Sin eog","SEXTUPLE Y RABIA",0,0,"Sin referencia","Sin referencia",Administrador,TRUE,TRUE,2025-01-28T03:00:00.000Z,2025-01-28T03:00:00.000Z,576,2628,2
4856,2024-10-19T03:00:00.000Z,01:00:00,"Sin anamnesis",2024-10-19T03:00:00.000Z,"Sin eog","SEXTUPLE Y RABIA",0,0,"Sin referencia","Sin referencia",Administrador,TRUE,TRUE,2024-10-19T03:00:00.000Z,2024-10-19T03:00:00.000Z,3646,2634,2
4857,2025-03-11T03:00:00.000Z,01:00:00,"Sin anamnesis",2025-03-11T03:00:00.000Z,"Sin eog","SEXTUPLE Y RABIA",0,0,"Sin referencia","Sin referencia",Administrador,TRUE,TRUE,2025-03-11T03:00:00.000Z,2025-03-11T03:00:00.000Z,3651,2639,2
4858,2025-03-11T03:00:00.000Z,01:00:00,"Sin anamnesis",2025-03-11T03:00:00.000Z,"Sin eog",KC,0,0,"Sin referencia","Sin referencia",Administrador,TRUE,TRUE,2025-03-11T03:00:00.000Z,2025-03-11T03:00:00.000Z,3651,2639,2
4859,2024-11-28T03:00:00.000Z,01:00:00,"Sin anamnesis",2024-11-28T03:00:00.000Z,"Sin eog","SEXTUPLE Y RABIA",0,0,"Sin referencia","Sin referencia",Administrador,TRUE,TRUE,2024-11-28T03:00:00.000Z,2024-11-28T03:00:00.000Z,3674,2662,2
4860,2024-07-12T03:00:00.000Z,01:00:00,"Sin anamnesis",2024-07-12T03:00:00.000Z,"Sin eog",Rabia,0,0,"Sin referencia","Sin referencia",Administrador,TRUE,TRUE,2024-07-12T03:00:00.000Z,2024-07-12T03:00:00.000Z,580,2662,2
4861,2024-10-30T03:00:00.000Z,01:00:00,"Sin anamnesis",2024-10-30T03:00:00.000Z,"Sin eog","SEXTUPLE Y RABIA",0,0,"Sin referencia","Sin referencia",Administrador,TRUE,TRUE,2024-10-30T03:00:00.000Z,2024-10-30T03:00:00.000Z,5293,2662,2
4862,2024-11-11T03:00:00.000Z,01:00:00,"Sin anamnesis",2024-11-11T03:00:00.000Z,"Sin eog","Rabia y triple",0,0,"Sin referencia","Sin referencia",Administrador,TRUE,TRUE,2024-11-11T03:00:00.000Z,2024-11-11T03:00:00.000Z,3681,2669,2
